Heating system gas consumption [Nm3];Heating system oil consumption [L];Heating system wood consumption [kg];Heating system electric consumption [Wh];Cooling system electric consumption [Wh];Appliances electric consumption [Wh];TZ Ta [°C];TZ To [°C];TZ Tmr [°C];TZ RH [-];TZ sensible load [W];TZ latent load [W];TZ AHU pre heater load [W];TZ AHU post heater load [W];TZ DHW volume flow rate [L/s];TZ DHW demand [W]
Bd Bd 1;Bd Bd 1;Bd Bd 1;Bd Bd 1;Bd Bd 1;Bd Bd 1;Zone 1;Zone 1;Zone 1;Zone 1;Zone 1;Zone 1;Zone 1;Zone 1;Zone 1;Zone 1
0.00;0.00;0.00;407.40;0.00;30.00;23.13;24.16;25.19;0.56;0.00;0.00;0.00;0.00;0.00;0.00
0.00;0.00;0.00;407.40;0.00;30.00;22.79;23.69;24.59;0.55;0.00;0.00;0.00;0.00;0.00;0.00
0.00;0.00;0.00;407.40;0.00;30.00;22.49;23.27;24.06;0.56;0.00;0.00;0.00;0.00;0.00;0.00
0.00;0.00;0.00;407.40;0.00;30.00;22.05;22.78;23.51;0.57;0.00;0.00;0.00;0.00;0.00;0.00
0.00;0.00;0.00;407.40;0.00;30.00;21.31;22.08;22.86;0.60;0.00;0.00;0.00;0.00;0.00;0.00
0.00;0.00;0.00;407.40;0.00;30.00;20.26;21.20;22.13;0.65;0.00;0.00;0.00;0.00;0.00;0.00
0.00;0.00;0.00;407.40;0.00;30.00;19.04;20.18;21.32;0.71;0.00;0.00;0.00;0.00;0.00;0.00
0.00;0.00;0.00;407.40;0.00;180.00;19.44;20.32;21.20;0.71;0.00;0.00;0.00;0.00;0.00;0.00
0.00;0.00;0.00;407.40;0.00;180.00;20.64;21.09;21.55;0.68;0.00;0.00;0.00;0.00;0.00;0.00
0.00;0.00;0.00;407.40;0.00;120.00;22.54;22.49;22.44;0.62;0.00;0.00;0.00;0.00;0.00;0.00
0.00;0.00;0.00;407.40;0.00;120.00;23.41;23.26;23.11;0.58;0.00;0.00;0.00;0.00;0.00;0.00
0.00;0.00;0.00;407.40;0.00;120.00;24.03;23.88;23.73;0.55;0.00;0.00;0.00;0.00;0.00;0.00
0.00;0.00;0.00;407.40;0.00;120.00;24.40;24.32;24.24;0.53;0.00;0.00;0.00;0.00;0.00;0.00
0.00;0.00;0.00;407.40;0.00;120.00;24.74;24.71;24.68;0.54;0.00;0.00;0.00;0.00;0.00;0.00
0.00;0.00;0.00;407.40;0.00;180.00;24.95;24.98;25.01;0.56;0.00;0.00;0.00;0.00;0.00;0.00
0.00;0.00;0.00;407.40;0.00;180.00;24.93;25.05;25.16;0.61;0.00;0.00;0.00;0.00;0.00;0.00
0.00;0.00;0.00;407.40;0.00;180.00;24.72;24.93;25.14;0.63;0.00;0.00;0.00;0.00;0.00;0.00
0.00;0.00;0.00;407.40;0.00;180.00;24.24;24.59;24.93;0.63;0.00;0.00;0.00;0.00;0.00;0.00
0.00;0.00;0.00;407.40;0.00;180.00;23.58;24.07;24.56;0.63;0.00;0.00;0.00;0.00;0.00;0.00
0.00;0.00;0.00;407.40;0.00;180.00;23.18;23.68;24.19;0.64;0.00;0.00;0.00;0.00;0.00;0.00
0.00;0.00;0.00;407.40;0.00;180.00;22.93;23.40;23.86;0.65;0.00;0.00;0.00;0.00;0.00;0.00
0.00;0.00;0.00;407.40;0.00;180.00;22.70;23.13;23.55;0.66;0.00;0.00;0.00;0.00;0.00;0.00
0.00;0.00;0.00;407.40;0.00;180.00;21.85;22.41;22.98;0.70;0.00;0.00;0.00;0.00;0.00;0.00
0.00;0.00;0.00;407.40;0.00;180.00;20.64;21.41;22.18;0.76;0.00;0.00;0.00;0.00;0.00;0.00
0.00;0.00;0.00;407.40;0.00;30.00;18.99;20.04;21.08;0.84;0.00;0.00;0.00;0.00;0.00;0.00
0.00;0.00;0.00;407.40;0.00;30.00;18.22;19.25;20.28;0.87;0.00;0.00;0.00;0.00;0.00;0.00
0.00;0.00;0.00;407.40;0.00;30.00;17.81;18.72;19.64;0.89;0.00;0.00;0.00;0.00;0.00;0.00
0.00;0.00;0.00;407.40;0.00;30.00;17.66;18.42;19.17;0.90;0.00;0.00;0.00;0.00;0.00;0.00
0.00;0.00;0.00;407.40;0.00;30.00;17.78;18.34;18.90;0.90;0.00;0.00;0.00;0.00;0.00;0.00
0.00;0.00;0.00;407.40;0.00;30.00;18.28;18.63;18.98;0.89;0.00;0.00;0.00;0.00;0.00;0.00
0.00;0.00;0.00;407.40;0.00;30.00;19.08;19.21;19.34;0.86;0.00;0.00;0.00;0.00;0.00;0.00
0.00;0.00;0.00;407.40;0.00;180.00;20.18;20.06;19.95;0.82;0.00;0.00;0.00;0.00;0.00;0.00
0.00;0.00;0.00;407.40;0.00;180.00;21.38;21.04;20.70;0.77;0.00;0.00;0.00;0.00;0.00;0.00
0.00;0.00;0.00;407.40;0.00;120.00;22.76;22.21;21.66;0.70;0.00;0.00;0.00;0.00;0.00;0.00
0.00;0.00;0.00;407.40;0.00;120.00;23.51;22.99;22.47;0.64;0.00;0.00;0.00;0.00;0.00;0.00
0.00;0.00;0.00;407.40;0.00;120.00;23.93;23.53;23.14;0.56;0.00;0.00;0.00;0.00;0.00;0.00
0.00;0.00;0.00;407.40;0.00;120.00;24.09;23.86;23.63;0.50;0.00;0.00;0.00;0.00;0.00;0.00
0.00;0.00;0.00;407.40;0.00;120.00;24.28;24.17;24.05;0.46;0.00;0.00;0.00;0.00;0.00;0.00
0.00;0.00;0.00;407.40;0.00;180.00;24.41;24.38;24.36;0.45;0.00;0.00;0.00;0.00;0.00;0.00
0.00;0.00;0.00;407.40;0.00;180.00;24.39;24.45;24.52;0.46;0.00;0.00;0.00;0.00;0.00;0.00
0.00;0.00;0.00;407.40;0.00;180.00;24.26;24.40;24.54;0.46;0.00;0.00;0.00;0.00;0.00;0.00
0.00;0.00;0.00;407.40;0.00;180.00;23.95;24.19;24.42;0.49;0.00;0.00;0.00;0.00;0.00;0.00
0.00;0.00;0.00;407.40;0.00;180.00;23.61;23.93;24.24;0.52;0.00;0.00;0.00;0.00;0.00;0.00
0.00;0.00;0.00;407.40;0.00;180.00;23.41;23.73;24.04;0.55;0.00;0.00;0.00;0.00;0.00;0.00
0.00;0.00;0.00;407.40;0.00;180.00;23.20;23.50;23.80;0.58;0.00;0.00;0.00;0.00;0.00;0.00
0.00;0.00;0.00;407.40;0.00;180.00;22.99;23.28;23.57;0.61;0.00;0.00;0.00;0.00;0.00;0.00
0.00;0.00;0.00;407.40;0.00;180.00;22.70;23.01;23.31;0.62;0.00;0.00;0.00;0.00;0.00;0.00
0.00;0.00;0.00;407.40;0.00;180.00;22.41;22.73;23.05;0.63;0.00;0.00;0.00;0.00;0.00;0.00
0.00;0.00;0.00;407.40;0.00;30.00;22.03;22.37;22.72;0.65;0.00;0.00;0.00;0.00;0.00;0.00
0.00;0.00;0.00;407.40;0.00;30.00;21.18;21.67;22.17;0.68;0.00;0.00;0.00;0.00;0.00;0.00
0.00;0.00;0.00;407.40;0.00;30.00;20.06;20.74;21.43;0.73;0.00;0.00;0.00;0.00;0.00;0.00
0.00;0.00;0.00;407.40;0.00;30.00;18.58;19.51;20.45;0.80;0.00;0.00;0.00;0.00;0.00;0.00
0.00;0.00;0.00;407.40;0.00;30.00;18.23;19.06;19.89;0.79;0.00;0.00;0.00;0.00;0.00;0.00
0.00;0.00;0.00;407.40;0.00;30.00;18.52;19.13;19.75;0.76;0.00;0.00;0.00;0.00;0.00;0.00
0.00;0.00;0.00;407.40;0.00;30.00;19.27;19.62;19.98;0.68;0.00;0.00;0.00;0.00;0.00;0.00
0.00;0.00;0.00;407.40;0.00;180.00;20.18;20.29;20.41;0.64;0.00;0.00;0.00;0.00;0.00;0.00
0.00;0.00;0.00;407.40;0.00;180.00;21.35;21.21;21.06;0.61;0.00;0.00;0.00;0.00;0.00;0.00
0.00;0.00;0.00;407.40;0.00;120.00;22.70;22.33;21.95;0.58;0.00;0.00;0.00;0.00;0.00;0.00
0.00;0.00;0.00;407.40;0.00;120.00;23.52;23.13;22.73;0.56;0.00;0.00;0.00;0.00;0.00;0.00
0.00;0.00;0.00;407.40;0.00;120.00;24.08;23.76;23.43;0.54;0.00;0.00;0.00;0.00;0.00;0.00
0.00;0.00;0.00;407.40;0.00;120.00;24.48;24.25;24.02;0.53;0.00;0.00;0.00;0.00;0.00;0.00
0.00;0.00;0.00;407.40;0.00;120.00;24.84;24.69;24.53;0.53;0.00;0.00;0.00;0.00;0.00;0.00
0.00;0.00;0.00;407.40;0.00;180.00;25.14;25.05;24.96;0.53;0.00;0.00;0.00;0.00;0.00;0.00
0.00;0.00;0.00;407.40;0.00;180.00;25.30;25.27;25.24;0.53;0.00;0.00;0.00;0.00;0.00;0.00
0.00;0.00;0.00;407.40;0.00;180.00;25.20;25.26;25.33;0.54;0.00;0.00;0.00;0.00;0.00;0.00
0.00;0.00;0.00;407.40;0.00;180.00;24.90;25.08;25.26;0.56;0.00;0.00;0.00;0.00;0.00;0.00
0.00;0.00;0.00;407.40;0.00;180.00;24.42;24.73;25.04;0.59;0.00;0.00;0.00;0.00;0.00;0.00
0.00;0.00;0.00;407.40;0.00;180.00;23.89;24.29;24.69;0.61;0.00;0.00;0.00;0.00;0.00;0.00
0.00;0.00;0.00;407.40;0.00;180.00;23.35;23.80;24.26;0.64;0.00;0.00;0.00;0.00;0.00;0.00
0.00;0.00;0.00;407.40;0.00;180.00;22.63;23.19;23.74;0.66;0.00;0.00;0.00;0.00;0.00;0.00
0.00;0.00;0.00;407.40;0.00;180.00;21.82;22.48;23.13;0.69;0.00;0.00;0.00;0.00;0.00;0.00
0.00;0.00;0.00;407.40;0.00;180.00;20.92;21.68;22.44;0.72;0.00;0.00;0.00;0.00;0.00;0.00
0.00;0.00;0.00;407.40;0.00;30.00;19.82;20.71;21.60;0.76;0.00;0.00;0.00;0.00;0.00;0.00
0.00;0.00;0.00;407.40;0.00;30.00;19.26;20.10;20.95;0.77;0.00;0.00;0.00;0.00;0.00;0.00
0.00;0.00;0.00;407.40;0.00;30.00;18.96;19.70;20.44;0.79;0.00;0.00;0.00;0.00;0.00;0.00
0.00;0.00;0.00;407.40;0.00;30.00;18.91;19.50;20.09;0.78;0.00;0.00;0.00;0.00;0.00;0.00
0.00;0.00;0.00;407.40;0.00;30.00;18.98;19.43;19.87;0.80;0.00;0.00;0.00;0.00;0.00;0.00
0.00;0.00;0.00;407.40;0.00;30.00;19.26;19.57;19.87;0.82;0.00;0.00;0.00;0.00;0.00;0.00
0.00;0.00;0.00;407.40;0.00;30.00;19.74;19.92;20.10;0.85;0.00;0.00;0.00;0.00;0.00;0.00
0.00;0.00;0.00;407.40;0.00;180.00;20.75;20.71;20.68;0.83;0.00;0.00;0.00;0.00;0.00;0.00
0.00;0.00;0.00;407.40;0.00;180.00;22.04;21.77;21.51;0.78;0.00;0.00;0.00;0.00;0.00;0.00
0.00;0.00;0.00;407.40;0.00;120.00;23.59;23.10;22.61;0.71;0.00;0.00;0.00;0.00;0.00;0.00
0.00;0.00;0.00;407.40;0.00;120.00;24.45;23.99;23.53;0.67;0.00;0.00;0.00;0.00;0.00;0.00
0.00;0.00;0.00;407.40;0.00;120.00;24.98;24.64;24.30;0.65;0.00;0.00;0.00;0.00;0.00;0.00
0.00;0.00;0.00;407.40;0.00;120.00;25.16;25.01;24.87;0.63;0.00;0.00;0.00;0.00;0.00;0.00
0.00;0.00;0.00;407.40;0.00;120.00;25.21;25.25;25.28;0.63;0.00;0.00;0.00;0.00;0.00;0.00
0.00;0.00;0.00;407.40;0.00;180.00;25.11;25.31;25.51;0.62;0.00;0.00;0.00;0.00;0.00;0.00
0.00;0.00;0.00;407.40;0.00;180.00;24.68;25.08;25.47;0.62;0.00;0.00;0.00;0.00;0.00;0.00
0.00;0.00;0.00;407.40;0.00;180.00;24.36;24.85;25.34;0.66;0.00;0.00;0.00;0.00;0.00;0.00
0.00;0.00;0.00;407.40;0.00;180.00;24.01;24.56;25.11;0.71;0.00;0.00;0.00;0.00;0.00;0.00
0.00;0.00;0.00;407.40;0.00;180.00;23.63;24.21;24.79;0.79;0.00;0.00;0.00;0.00;0.00;0.00
0.00;0.00;0.00;407.40;0.00;180.00;23.23;23.81;24.38;0.81;0.00;0.00;0.00;0.00;0.00;0.00
0.00;0.00;0.00;407.40;0.00;180.00;22.90;23.44;23.98;0.82;0.00;0.00;0.00;0.00;0.00;0.00
0.00;0.00;0.00;407.40;0.00;180.00;22.58;23.09;23.60;0.80;0.00;0.00;0.00;0.00;0.00;0.00
0.00;0.00;0.00;407.40;0.00;180.00;22.02;22.58;23.13;0.82;0.00;0.00;0.00;0.00;0.00;0.00
0.00;0.00;0.00;407.40;0.00;180.00;21.30;21.93;22.56;0.85;0.00;0.00;0.00;0.00;0.00;0.00
0.00;0.00;0.00;407.40;0.00;30.00;20.31;21.07;21.82;0.89;0.00;0.00;0.00;0.00;0.00;0.00
0.00;0.00;0.00;407.40;0.00;30.00;19.69;20.45;21.20;0.90;0.00;0.00;0.00;0.00;0.00;0.00
0.00;0.00;0.00;407.40;0.00;30.00;19.16;19.89;20.63;0.90;0.00;0.00;0.00;0.00;0.00;0.00
0.00;0.00;0.00;407.40;0.00;30.00;18.72;19.41;20.10;0.90;0.00;0.00;0.00;0.00;0.00;0.00
0.00;0.00;0.00;407.40;0.00;30.00;18.53;19.12;19.71;0.89;0.00;0.00;0.00;0.00;0.00;0.00
0.00;0.00;0.00;407.40;0.00;30.00;18.45;18.96;19.47;0.89;0.00;0.00;0.00;0.00;0.00;0.00
0.00;0.00;0.00;407.40;0.00;30.00;18.57;18.99;19.42;0.87;0.00;0.00;0.00;0.00;0.00;0.00
0.00;0.00;0.00;407.40;0.00;180.00;19.21;19.46;19.71;0.84;0.00;0.00;0.00;0.00;0.00;0.00
0.00;0.00;0.00;407.40;0.00;180.00;20.06;20.14;20.23;0.80;0.00;0.00;0.00;0.00;0.00;0.00
0.00;0.00;0.00;407.40;0.00;120.00;21.23;21.12;21.01;0.76;0.00;0.00;0.00;0.00;0.00;0.00
0.00;0.00;0.00;407.40;0.00;120.00;21.79;21.71;21.63;0.73;0.00;0.00;0.00;0.00;0.00;0.00
0.00;0.00;0.00;407.40;0.00;120.00;22.17;22.17;22.17;0.70;0.00;0.00;0.00;0.00;0.00;0.00
0.00;0.00;0.00;407.40;0.00;120.00;22.37;22.49;22.61;0.66;0.00;0.00;0.00;0.00;0.00;0.00
0.00;0.00;0.00;407.40;0.00;120.00;22.71;22.87;23.04;0.65;0.00;0.00;0.00;0.00;0.00;0.00
0.00;0.00;0.00;407.40;0.00;180.00;22.99;23.19;23.39;0.66;0.00;0.00;0.00;0.00;0.00;0.00
0.00;0.00;0.00;407.40;0.00;180.00;23.28;23.49;23.69;0.68;0.00;0.00;0.00;0.00;0.00;0.00
0.00;0.00;0.00;407.40;0.00;180.00;23.26;23.52;23.79;0.69;0.00;0.00;0.00;0.00;0.00;0.00
0.00;0.00;0.00;407.40;0.00;180.00;22.95;23.31;23.67;0.72;0.00;0.00;0.00;0.00;0.00;0.00
0.00;0.00;0.00;407.40;0.00;180.00;22.52;22.96;23.40;0.75;0.00;0.00;0.00;0.00;0.00;0.00
0.00;0.00;0.00;407.40;0.00;180.00;21.82;22.37;22.91;0.78;0.00;0.00;0.00;0.00;0.00;0.00
0.00;0.00;0.00;407.40;0.00;180.00;20.86;21.54;22.23;0.81;0.00;0.00;0.00;0.00;0.00;0.00
0.00;0.00;0.00;407.40;0.00;180.00;19.71;20.56;21.41;0.84;0.00;0.00;0.00;0.00;0.00;0.00
0.00;0.00;0.00;407.40;0.00;180.00;19.07;19.91;20.76;0.85;0.00;0.00;0.00;0.00;0.00;0.00
0.00;0.00;0.00;407.40;0.00;180.00;18.69;19.46;20.23;0.83;0.00;0.00;0.00;0.00;0.00;0.00
0.00;0.00;0.00;407.40;0.00;30.00;18.40;19.08;19.75;0.80;0.00;0.00;0.00;0.00;0.00;0.00
0.00;0.00;0.00;407.40;0.00;30.00;18.13;18.73;19.33;0.79;0.00;0.00;0.00;0.00;0.00;0.00
0.00;0.00;0.00;407.40;0.00;30.00;17.88;18.41;18.95;0.79;0.00;0.00;0.00;0.00;0.00;0.00
0.00;0.00;0.00;407.40;0.00;30.00;17.63;18.11;18.59;0.79;0.00;0.00;0.00;0.00;0.00;0.00
0.00;0.00;0.00;407.40;0.00;30.00;17.94;18.23;18.52;0.79;0.00;0.00;0.00;0.00;0.00;0.00
0.00;0.00;0.00;407.40;0.00;30.00;18.57;18.66;18.76;0.79;0.00;0.00;0.00;0.00;0.00;0.00
0.00;0.00;0.00;407.40;0.00;30.00;19.48;19.38;19.27;0.79;0.00;0.00;0.00;0.00;0.00;0.00
0.00;0.00;0.00;407.40;0.00;180.00;20.46;20.19;19.93;0.76;0.00;0.00;0.00;0.00;0.00;0.00
0.00;0.00;0.00;407.40;0.00;180.00;21.53;21.11;20.69;0.70;0.00;0.00;0.00;0.00;0.00;0.00
0.00;0.00;0.00;407.40;0.00;120.00;22.60;22.09;21.57;0.63;0.00;0.00;0.00;0.00;0.00;0.00
0.00;0.00;0.00;407.40;0.00;120.00;23.27;22.81;22.35;0.59;0.00;0.00;0.00;0.00;0.00;0.00
0.00;0.00;0.00;407.40;0.00;120.00;23.76;23.40;23.04;0.57;0.00;0.00;0.00;0.00;0.00;0.00
0.00;0.00;0.00;407.40;0.00;120.00;24.08;23.84;23.61;0.56;0.00;0.00;0.00;0.00;0.00;0.00
0.00;0.00;0.00;407.40;0.00;120.00;24.36;24.23;24.10;0.57;0.00;0.00;0.00;0.00;0.00;0.00
0.00;0.00;0.00;407.40;0.00;180.00;24.66;24.58;24.51;0.59;0.00;0.00;0.00;0.00;0.00;0.00
0.00;0.00;0.00;407.40;0.00;180.00;24.74;24.75;24.75;0.62;0.00;0.00;0.00;0.00;0.00;0.00
0.00;0.00;0.00;407.40;0.00;180.00;24.62;24.72;24.82;0.62;0.00;0.00;0.00;0.00;0.00;0.00
0.00;0.00;0.00;407.40;0.00;180.00;24.32;24.53;24.74;0.60;0.00;0.00;0.00;0.00;0.00;0.00
0.00;0.00;0.00;407.40;0.00;180.00;23.84;24.17;24.50;0.57;0.00;0.00;0.00;0.00;0.00;0.00
0.00;0.00;0.00;407.40;0.00;180.00;23.47;23.84;24.21;0.60;0.00;0.00;0.00;0.00;0.00;0.00
0.00;0.00;0.00;407.40;0.00;180.00;23.01;23.42;23.84;0.67;0.00;0.00;0.00;0.00;0.00;0.00
0.00;0.00;0.00;407.40;0.00;180.00;22.54;22.99;23.44;0.75;0.00;0.00;0.00;0.00;0.00;0.00
0.00;0.00;0.00;407.40;0.00;180.00;21.67;22.26;22.85;0.78;0.00;0.00;0.00;0.00;0.00;0.00
0.00;0.00;0.00;407.40;0.00;180.00;20.62;21.37;22.11;0.79;0.00;0.00;0.00;0.00;0.00;0.00
0.00;0.00;0.00;407.40;0.00;30.00;19.21;20.17;21.14;0.79;0.00;0.00;0.00;0.00;0.00;0.00
0.00;0.00;0.00;407.40;0.00;30.00;18.62;19.53;20.45;0.80;0.00;0.00;0.00;0.00;0.00;0.00
0.00;0.00;0.00;407.40;0.00;30.00;18.38;19.16;19.94;0.81;0.00;0.00;0.00;0.00;0.00;0.00
0.00;0.00;0.00;407.40;0.00;30.00;18.49;19.07;19.65;0.80;0.00;0.00;0.00;0.00;0.00;0.00
0.00;0.00;0.00;407.40;0.00;30.00;18.57;19.00;19.43;0.80;0.00;0.00;0.00;0.00;0.00;0.00
0.00;0.00;0.00;407.40;0.00;30.00;18.78;19.10;19.42;0.80;0.00;0.00;0.00;0.00;0.00;0.00
0.00;0.00;0.00;407.40;0.00;30.00;19.17;19.39;19.60;0.78;0.00;0.00;0.00;0.00;0.00;0.00
0.00;0.00;0.00;407.40;0.00;180.00;20.08;20.08;20.08;0.71;0.00;0.00;0.00;0.00;0.00;0.00
0.00;0.00;0.00;407.40;0.00;180.00;21.26;21.01;20.76;0.61;0.00;0.00;0.00;0.00;0.00;0.00
0.00;0.00;0.00;407.40;0.00;120.00;22.78;22.26;21.75;0.48;0.00;0.00;0.00;0.00;0.00;0.00
0.00;0.00;0.00;407.40;0.00;120.00;23.69;23.15;22.61;0.42;0.00;0.00;0.00;0.00;0.00;0.00
0.00;0.00;0.00;407.40;0.00;120.00;24.35;23.87;23.39;0.41;0.00;0.00;0.00;0.00;0.00;0.00
0.00;0.00;0.00;407.40;0.00;120.00;24.76;24.39;24.02;0.42;0.00;0.00;0.00;0.00;0.00;0.00
0.00;0.00;0.00;407.40;0.00;120.00;25.06;24.80;24.54;0.41;0.00;0.00;0.00;0.00;0.00;0.00
0.00;0.00;0.00;407.40;0.00;180.00;25.28;25.12;24.95;0.41;0.00;0.00;0.00;0.00;0.00;0.00
0.00;0.00;0.00;407.40;0.00;180.00;25.29;25.23;25.17;0.41;0.00;0.00;0.00;0.00;0.00;0.00
0.00;0.00;0.00;407.40;0.00;180.00;25.33;25.33;25.32;0.39;0.00;0.00;0.00;0.00;0.00;0.00
0.00;0.00;0.00;407.40;0.00;180.00;25.28;25.33;25.38;0.36;0.00;0.00;0.00;0.00;0.00;0.00
0.00;0.00;0.00;407.40;0.00;180.00;25.21;25.31;25.40;0.33;0.00;0.00;0.00;0.00;0.00;0.00
0.00;0.00;0.00;407.40;0.00;180.00;24.82;25.01;25.20;0.39;0.00;0.00;0.00;0.00;0.00;0.00
0.00;0.00;0.00;407.40;0.00;180.00;24.30;24.59;24.87;0.50;0.00;0.00;0.00;0.00;0.00;0.00
0.00;0.00;0.00;407.40;0.00;180.00;23.53;23.96;24.39;0.66;0.00;0.00;0.00;0.00;0.00;0.00
0.00;0.00;0.00;407.40;0.00;180.00;22.82;23.35;23.88;0.72;0.00;0.00;0.00;0.00;0.00;0.00
0.00;0.00;0.00;407.40;0.00;180.00;21.93;22.59;23.24;0.75;0.00;0.00;0.00;0.00;0.00;0.00
0.00;0.00;0.00;407.40;0.00;30.00;20.93;21.71;22.49;0.75;0.00;0.00;0.00;0.00;0.00;0.00
0.00;0.00;0.00;407.40;0.00;30.00;20.23;21.03;21.83;0.77;0.00;0.00;0.00;0.00;0.00;0.00
0.00;0.00;0.00;407.40;0.00;30.00;19.69;20.46;21.23;0.80;0.00;0.00;0.00;0.00;0.00;0.00
0.00;0.00;0.00;407.40;0.00;30.00;19.25;19.97;20.69;0.82;0.00;0.00;0.00;0.00;0.00;0.00
0.00;0.00;0.00;407.40;0.00;30.00;19.28;19.83;20.39;0.82;0.00;0.00;0.00;0.00;0.00;0.00
0.00;0.00;0.00;407.40;0.00;30.00;19.62;20.00;20.38;0.79;0.00;0.00;0.00;0.00;0.00;0.00
0.00;0.00;0.00;407.40;0.00;30.00;20.33;20.50;20.68;0.75;0.00;0.00;0.00;0.00;0.00;0.00
0.00;0.00;0.00;407.40;0.00;180.00;21.26;21.23;21.20;0.72;0.00;0.00;0.00;0.00;0.00;0.00
0.00;0.00;0.00;407.40;0.00;180.00;22.37;22.13;21.90;0.68;0.00;0.00;0.00;0.00;0.00;0.00
0.00;0.00;0.00;407.40;0.00;120.00;23.66;23.23;22.81;0.62;0.00;0.00;0.00;0.00;0.00;0.00
0.00;0.00;0.00;407.40;0.00;120.00;24.56;24.11;23.66;0.60;0.00;0.00;0.00;0.00;0.00;0.00
0.00;0.00;0.00;407.40;0.00;120.00;25.30;24.89;24.48;0.60;0.00;0.00;0.00;0.00;0.00;0.00
0.00;0.00;0.00;407.40;0.00;120.00;25.95;25.59;25.23;0.61;0.00;0.00;0.00;0.00;0.00;0.00
0.00;0.00;0.00;407.40;0.00;120.00;26.35;26.09;25.83;0.60;0.00;0.00;0.00;0.00;0.00;0.00
0.00;0.00;0.00;407.40;0.00;180.00;26.51;26.38;26.25;0.58;0.00;0.00;0.00;0.00;0.00;0.00
0.00;0.00;0.00;407.40;0.00;180.00;26.44;26.45;26.46;0.57;0.00;0.00;0.00;0.00;0.00;0.00
0.00;0.00;0.00;407.40;0.00;180.00;26.33;26.43;26.54;0.56;0.00;0.00;0.00;0.00;0.00;0.00
0.00;0.00;0.00;407.40;0.00;180.00;26.03;26.24;26.45;0.57;0.00;0.00;0.00;0.00;0.00;0.00
0.00;0.00;0.00;407.40;0.00;180.00;25.62;25.94;26.25;0.58;0.00;0.00;0.00;0.00;0.00;0.00
0.00;0.00;0.00;407.40;0.00;180.00;25.25;25.61;25.97;0.59;0.00;0.00;0.00;0.00;0.00;0.00
0.00;0.00;0.00;407.40;0.00;180.00;24.87;25.26;25.64;0.61;0.00;0.00;0.00;0.00;0.00;0.00
0.00;0.00;0.00;407.40;0.00;180.00;24.49;24.89;25.30;0.63;0.00;0.00;0.00;0.00;0.00;0.00
0.00;0.00;0.00;407.40;0.00;180.00;23.64;24.18;24.73;0.67;0.00;0.00;0.00;0.00;0.00;0.00
0.00;0.00;0.00;407.40;0.00;180.00;22.43;23.19;23.94;0.72;0.00;0.00;0.00;0.00;0.00;0.00
0.00;0.00;0.00;407.40;0.00;30.00;20.93;21.93;22.92;0.78;0.00;0.00;0.00;0.00;0.00;0.00
0.00;0.00;0.00;407.40;0.00;30.00;20.65;21.50;22.36;0.81;0.00;0.00;0.00;0.00;0.00;0.00
0.00;0.00;0.00;407.40;0.00;30.00;20.83;21.45;22.07;0.81;0.00;0.00;0.00;0.00;0.00;0.00
0.00;0.00;0.00;407.40;0.00;30.00;21.60;21.87;22.14;0.80;0.00;0.00;0.00;0.00;0.00;0.00
0.00;0.00;0.00;407.40;0.00;30.00;21.44;21.69;21.94;0.81;0.00;0.00;0.00;0.00;0.00;0.00
0.00;0.00;0.00;407.40;0.00;30.00;21.11;21.43;21.75;0.82;0.00;0.00;0.00;0.00;0.00;0.00
0.00;0.00;0.00;407.40;0.00;30.00;20.47;20.96;21.46;0.84;0.00;0.00;0.00;0.00;0.00;0.00
0.00;0.00;0.00;407.40;0.00;180.00;21.29;21.55;21.80;0.81;0.00;0.00;0.00;0.00;0.00;0.00
0.00;0.00;0.00;407.40;0.00;180.00;22.68;22.59;22.51;0.77;0.00;0.00;0.00;0.00;0.00;0.00
0.00;0.00;0.00;407.40;0.00;120.00;24.74;24.23;23.71;0.71;0.00;0.00;0.00;0.00;0.00;0.00
0.00;0.00;0.00;407.40;0.00;120.00;25.61;25.10;24.59;0.67;0.00;0.00;0.00;0.00;0.00;0.00
0.00;0.00;0.00;407.40;0.00;120.00;25.97;25.62;25.26;0.63;0.00;0.00;0.00;0.00;0.00;0.00
0.00;0.00;0.00;407.40;0.00;120.00;25.98;25.84;25.70;0.60;0.00;0.00;0.00;0.00;0.00;0.00
0.00;0.00;0.00;407.40;0.00;120.00;26.32;26.25;26.18;0.58;0.00;0.00;0.00;0.00;0.00;0.00
0.00;0.00;0.00;407.40;0.00;180.00;26.69;26.65;26.62;0.56;0.00;0.00;0.00;0.00;0.00;0.00
0.00;0.00;0.00;407.40;0.00;180.00;27.08;27.04;27.00;0.54;0.00;0.00;0.00;0.00;0.00;0.00
0.00;0.00;0.00;407.40;0.00;180.00;26.99;27.05;27.11;0.57;0.00;0.00;0.00;0.00;0.00;0.00
0.00;0.00;0.00;407.40;0.00;180.00;26.62;26.82;27.02;0.64;0.00;0.00;0.00;0.00;0.00;0.00
0.00;0.00;0.00;407.40;0.00;180.00;26.05;26.40;26.75;0.74;0.00;0.00;0.00;0.00;0.00;0.00
0.00;0.00;0.00;407.40;0.00;180.00;25.75;26.12;26.49;0.78;0.00;0.00;0.00;0.00;0.00;0.00
0.00;0.00;0.00;407.40;0.00;180.00;25.53;25.88;26.22;0.80;0.00;0.00;0.00;0.00;0.00;0.00
0.00;0.00;0.00;407.40;0.00;180.00;25.40;25.70;26.01;0.81;0.00;0.00;0.00;0.00;0.00;0.00
0.00;0.00;0.00;407.40;0.00;180.00;24.64;25.09;25.53;0.82;0.00;0.00;0.00;0.00;0.00;0.00
0.00;0.00;0.00;407.40;0.00;180.00;23.61;24.24;24.86;0.81;0.00;0.00;0.00;0.00;0.00;0.00
0.00;0.00;0.00;407.40;0.00;30.00;22.22;23.08;23.95;0.79;0.00;0.00;0.00;0.00;0.00;0.00
0.00;0.00;0.00;407.40;0.00;30.00;21.80;22.59;23.38;0.80;0.00;0.00;0.00;0.00;0.00;0.00
0.00;0.00;0.00;407.40;0.00;30.00;21.82;22.43;23.04;0.80;0.00;0.00;0.00;0.00;0.00;0.00
0.00;0.00;0.00;407.40;0.00;30.00;22.28;22.63;22.98;0.81;0.00;0.00;0.00;0.00;0.00;0.00
0.00;0.00;0.00;407.40;0.00;30.00;21.78;22.19;22.59;0.82;0.00;0.00;0.00;0.00;0.00;0.00
0.00;0.00;0.00;407.40;0.00;30.00;20.94;21.50;22.07;0.82;0.00;0.00;0.00;0.00;0.00;0.00
0.00;0.00;0.00;407.40;0.00;30.00;19.77;20.58;21.39;0.83;0.00;0.00;0.00;0.00;0.00;0.00
0.00;0.00;0.00;407.40;0.00;180.00;19.90;20.60;21.29;0.82;0.00;0.00;0.00;0.00;0.00;0.00
0.00;0.00;0.00;407.40;0.00;180.00;20.51;21.01;21.51;0.81;0.00;0.00;0.00;0.00;0.00;0.00
0.00;0.00;0.00;407.40;0.00;120.00;21.62;21.85;22.08;0.80;0.00;0.00;0.00;0.00;0.00;0.00
0.00;0.00;0.00;407.40;0.00;120.00;21.42;21.81;22.20;0.77;0.00;0.00;0.00;0.00;0.00;0.00
0.00;0.00;0.00;407.40;0.00;120.00;20.61;21.30;22.00;0.74;0.00;0.00;0.00;0.00;0.00;0.00
0.00;0.00;0.00;407.40;0.00;120.00;19.26;20.34;21.43;0.71;0.00;0.00;0.00;0.00;0.00;0.00
0.00;0.00;0.00;407.40;0.00;120.00;18.54;19.75;20.96;0.72;0.00;0.00;0.00;0.00;0.00;0.00
0.00;0.00;0.00;407.40;0.00;180.00;17.85;19.14;20.43;0.76;0.00;0.00;0.00;0.00;0.00;0.00
0.00;0.00;0.00;407.40;0.00;180.00;17.25;18.56;19.87;0.81;0.00;0.00;0.00;0.00;0.00;0.00
0.00;0.00;0.00;407.40;0.00;180.00;16.80;18.05;19.30;0.81;0.00;0.00;0.00;0.00;0.00;0.00
0.00;0.00;0.00;407.40;0.00;180.00;16.50;17.64;18.78;0.78;0.00;0.00;0.00;0.00;0.00;0.00
0.00;0.00;0.00;407.40;0.00;180.00;16.35;17.33;18.31;0.72;0.00;0.00;0.00;0.00;0.00;0.00
0.00;0.00;0.00;407.40;0.00;180.00;16.30;17.09;17.88;0.71;0.00;0.00;0.00;0.00;0.00;0.00
0.00;0.00;0.00;407.40;0.00;180.00;16.34;16.95;17.57;0.72;0.00;0.00;0.00;0.00;0.00;0.00
0.00;0.00;0.00;407.40;0.00;180.00;16.49;16.93;17.37;0.75;0.00;0.00;0.00;0.00;0.00;0.00
0.00;0.00;0.00;407.40;0.00;180.00;16.36;16.74;17.12;0.76;0.00;0.00;0.00;0.00;0.00;0.00
0.00;0.00;0.00;407.40;0.00;180.00;16.14;16.50;16.86;0.77;0.00;0.00;0.00;0.00;0.00;0.00
0.00;0.00;0.00;407.40;0.00;30.00;15.76;16.13;16.51;0.78;0.00;0.00;0.00;0.00;0.00;0.00
0.00;0.00;0.00;407.40;0.00;30.00;15.53;15.88;16.23;0.79;0.00;0.00;0.00;0.00;0.00;0.00
0.00;0.00;0.00;407.40;0.00;30.00;15.38;15.69;16.00;0.80;0.00;0.00;0.00;0.00;0.00;0.00
0.00;0.00;0.00;407.40;0.00;30.00;15.25;15.52;15.79;0.81;0.00;0.00;0.00;0.00;0.00;0.00
0.00;0.00;0.00;407.40;0.00;30.00;15.44;15.59;15.75;0.81;0.00;0.00;0.00;0.00;0.00;0.00
0.00;0.00;0.00;407.40;0.00;30.00;15.83;15.87;15.92;0.83;0.00;0.00;0.00;0.00;0.00;0.00
0.00;0.00;0.00;407.40;0.00;30.00;16.51;16.42;16.33;0.83;0.00;0.00;0.00;0.00;0.00;0.00
0.00;0.00;0.00;407.40;0.00;180.00;17.48;17.24;17.00;0.75;0.00;0.00;0.00;0.00;0.00;0.00
0.00;0.00;0.00;407.40;0.00;180.00;18.56;18.20;17.83;0.61;0.00;0.00;0.00;0.00;0.00;0.00
0.00;0.00;0.00;407.40;0.00;120.00;19.81;19.32;18.83;0.42;0.00;0.00;0.00;0.00;0.00;0.00
0.00;0.00;0.00;407.40;0.00;120.00;20.82;20.32;19.82;0.35;0.00;0.00;0.00;0.00;0.00;0.00
0.00;0.00;0.00;407.40;0.00;120.00;21.82;21.33;20.84;0.33;0.00;0.00;0.00;0.00;0.00;0.00
0.00;0.00;0.00;407.40;0.00;120.00;22.67;22.23;21.78;0.35;0.00;0.00;0.00;0.00;0.00;0.00
0.00;0.00;0.00;407.40;0.00;120.00;23.19;22.86;22.53;0.33;0.00;0.00;0.00;0.00;0.00;0.00
0.00;0.00;0.00;407.40;0.00;180.00;23.54;23.34;23.13;0.33;0.00;0.00;0.00;0.00;0.00;0.00
0.00;0.00;0.00;407.40;0.00;180.00;23.67;23.59;23.52;0.34;0.00;0.00;0.00;0.00;0.00;0.00
0.00;0.00;0.00;407.40;0.00;180.00;23.74;23.76;23.77;0.35;0.00;0.00;0.00;0.00;0.00;0.00
0.00;0.00;0.00;407.40;0.00;180.00;23.79;23.85;23.92;0.36;0.00;0.00;0.00;0.00;0.00;0.00
0.00;0.00;0.00;407.40;0.00;180.00;23.65;23.78;23.90;0.37;0.00;0.00;0.00;0.00;0.00;0.00
0.00;0.00;0.00;407.40;0.00;180.00;23.16;23.40;23.64;0.41;0.00;0.00;0.00;0.00;0.00;0.00
0.00;0.00;0.00;407.40;0.00;180.00;22.48;22.85;23.22;0.46;0.00;0.00;0.00;0.00;0.00;0.00
0.00;0.00;0.00;407.40;0.00;180.00;21.62;22.14;22.66;0.54;0.00;0.00;0.00;0.00;0.00;0.00
0.00;0.00;0.00;407.40;0.00;180.00;20.88;21.49;22.10;0.60;0.00;0.00;0.00;0.00;0.00;0.00
0.00;0.00;0.00;407.40;0.00;180.00;20.14;20.82;21.50;0.68;0.00;0.00;0.00;0.00;0.00;0.00
0.00;0.00;0.00;407.40;0.00;30.00;19.30;20.06;20.81;0.76;0.00;0.00;0.00;0.00;0.00;0.00
0.00;0.00;0.00;407.40;0.00;30.00;18.30;19.16;20.02;0.80;0.00;0.00;0.00;0.00;0.00;0.00
0.00;0.00;0.00;407.40;0.00;30.00;17.19;18.16;19.14;0.82;0.00;0.00;0.00;0.00;0.00;0.00
0.00;0.00;0.00;407.40;0.00;30.00;15.99;17.08;18.16;0.83;0.00;0.00;0.00;0.00;0.00;0.00
0.00;0.00;0.00;407.40;0.00;30.00;15.48;16.47;17.46;0.82;0.00;0.00;0.00;0.00;0.00;0.00
0.00;0.00;0.00;407.40;0.00;30.00;15.42;16.26;17.09;0.79;0.00;0.00;0.00;0.00;0.00;0.00
0.00;0.00;0.00;407.40;0.00;30.00;15.74;16.38;17.03;0.74;0.00;0.00;0.00;0.00;0.00;0.00
0.00;0.00;0.00;407.40;0.00;180.00;17.21;17.40;17.59;0.68;0.00;0.00;0.00;0.00;0.00;0.00
0.00;0.00;0.00;407.40;0.00;180.00;19.48;19.09;18.70;0.61;0.00;0.00;0.00;0.00;0.00;0.00
0.00;0.00;0.00;407.40;0.00;120.00;22.47;21.45;20.44;0.52;0.00;0.00;0.00;0.00;0.00;0.00
0.00;0.00;0.00;407.40;0.00;120.00;23.83;22.78;21.72;0.46;0.00;0.00;0.00;0.00;0.00;0.00
0.00;0.00;0.00;407.40;0.00;120.00;24.51;23.63;22.74;0.42;0.00;0.00;0.00;0.00;0.00;0.00
0.00;0.00;0.00;407.40;0.00;120.00;24.59;24.00;23.41;0.39;0.00;0.00;0.00;0.00;0.00;0.00
0.00;0.00;0.00;407.40;0.00;120.00;25.07;24.59;24.12;0.37;0.00;0.00;0.00;0.00;0.00;0.00
0.00;0.00;0.00;407.40;0.00;180.00;25.49;25.10;24.72;0.36;0.00;0.00;0.00;0.00;0.00;0.00
0.00;0.00;0.00;407.40;0.00;180.00;25.85;25.53;25.21;0.34;0.00;0.00;0.00;0.00;0.00;0.00
0.00;0.00;0.00;407.40;0.00;180.00;25.79;25.60;25.42;0.34;0.00;0.00;0.00;0.00;0.00;0.00
0.00;0.00;0.00;407.40;0.00;180.00;25.44;25.43;25.42;0.34;0.00;0.00;0.00;0.00;0.00;0.00
0.00;0.00;0.00;407.40;0.00;180.00;24.91;25.08;25.25;0.34;0.00;0.00;0.00;0.00;0.00;0.00
0.00;0.00;0.00;407.40;0.00;180.00;24.48;24.74;25.00;0.38;0.00;0.00;0.00;0.00;0.00;0.00
0.00;0.00;0.00;407.40;0.00;180.00;24.03;24.35;24.68;0.45;0.00;0.00;0.00;0.00;0.00;0.00
0.00;0.00;0.00;407.40;0.00;180.00;23.49;23.89;24.29;0.55;0.00;0.00;0.00;0.00;0.00;0.00
0.00;0.00;0.00;407.40;0.00;180.00;22.24;22.89;23.54;0.62;0.00;0.00;0.00;0.00;0.00;0.00
0.00;0.00;0.00;407.40;0.00;180.00;20.62;21.57;22.52;0.69;0.00;0.00;0.00;0.00;0.00;0.00
0.00;0.00;0.00;407.40;0.00;30.00;18.45;19.78;21.11;0.75;0.00;0.00;0.00;0.00;0.00;0.00
0.00;0.00;0.00;407.40;0.00;30.00;17.47;18.78;20.09;0.79;0.00;0.00;0.00;0.00;0.00;0.00
0.00;0.00;0.00;407.40;0.00;30.00;17.01;18.16;19.31;0.82;0.00;0.00;0.00;0.00;0.00;0.00
0.00;0.00;0.00;407.40;0.00;30.00;16.98;17.89;18.80;0.83;0.00;0.00;0.00;0.00;0.00;0.00
0.00;0.00;0.00;407.40;0.00;30.00;17.08;17.77;18.46;0.83;0.00;0.00;0.00;0.00;0.00;0.00
0.00;0.00;0.00;407.40;0.00;30.00;17.49;17.95;18.42;0.81;0.00;0.00;0.00;0.00;0.00;0.00
0.00;0.00;0.00;407.40;0.00;30.00;18.18;18.43;18.67;0.78;0.00;0.00;0.00;0.00;0.00;0.00
0.00;0.00;0.00;407.40;0.00;180.00;19.64;19.51;19.39;0.71;0.00;0.00;0.00;0.00;0.00;0.00
0.00;0.00;0.00;407.40;0.00;180.00;21.56;21.01;20.46;0.61;0.00;0.00;0.00;0.00;0.00;0.00
0.00;0.00;0.00;407.40;0.00;120.00;23.94;22.95;21.97;0.48;0.00;0.00;0.00;0.00;0.00;0.00
0.00;0.00;0.00;407.40;0.00;120.00;25.03;24.07;23.10;0.45;0.00;0.00;0.00;0.00;0.00;0.00
0.00;0.00;0.00;407.40;0.00;120.00;25.52;24.75;23.98;0.47;0.00;0.00;0.00;0.00;0.00;0.00
0.00;0.00;0.00;407.40;0.00;120.00;25.49;25.02;24.54;0.55;0.00;0.00;0.00;0.00;0.00;0.00
0.00;0.00;0.00;407.40;0.00;120.00;25.79;25.44;25.10;0.55;0.00;0.00;0.00;0.00;0.00;0.00
0.00;0.00;0.00;407.40;0.00;180.00;25.95;25.73;25.52;0.53;0.00;0.00;0.00;0.00;0.00;0.00
0.00;0.00;0.00;407.40;0.00;180.00;26.03;25.92;25.80;0.51;0.00;0.00;0.00;0.00;0.00;0.00
0.00;0.00;0.00;407.40;0.00;180.00;25.93;25.92;25.91;0.50;0.00;0.00;0.00;0.00;0.00;0.00
0.00;0.00;0.00;407.40;0.00;180.00;25.79;25.86;25.92;0.50;0.00;0.00;0.00;0.00;0.00;0.00
0.00;0.00;0.00;407.40;0.00;180.00;25.49;25.66;25.82;0.49;0.00;0.00;0.00;0.00;0.00;0.00
0.00;0.00;0.00;407.40;0.00;180.00;24.99;25.26;25.54;0.54;0.00;0.00;0.00;0.00;0.00;0.00
0.00;0.00;0.00;407.40;0.00;180.00;24.30;24.70;25.10;0.61;0.00;0.00;0.00;0.00;0.00;0.00
0.00;0.00;0.00;407.40;0.00;180.00;23.44;23.98;24.53;0.71;0.00;0.00;0.00;0.00;0.00;0.00
0.00;0.00;0.00;407.40;0.00;180.00;22.46;23.16;23.85;0.76;0.00;0.00;0.00;0.00;0.00;0.00
0.00;0.00;0.00;407.40;0.00;180.00;21.31;22.17;23.03;0.80;0.00;0.00;0.00;0.00;0.00;0.00
0.00;0.00;0.00;407.40;0.00;30.00;19.96;21.00;22.03;0.82;0.00;0.00;0.00;0.00;0.00;0.00
0.00;0.00;0.00;407.40;0.00;30.00;19.21;20.22;21.24;0.84;0.00;0.00;0.00;0.00;0.00;0.00
0.00;0.00;0.00;407.40;0.00;30.00;18.64;19.59;20.54;0.85;0.00;0.00;0.00;0.00;0.00;0.00
0.00;0.00;0.00;407.40;0.00;30.00;18.33;19.15;19.98;0.86;0.00;0.00;0.00;0.00;0.00;0.00
0.00;0.00;0.00;407.40;0.00;30.00;18.35;18.99;19.63;0.86;0.00;0.00;0.00;0.00;0.00;0.00
0.00;0.00;0.00;407.40;0.00;30.00;18.75;19.18;19.61;0.84;0.00;0.00;0.00;0.00;0.00;0.00
0.00;0.00;0.00;407.40;0.00;30.00;19.53;19.72;19.91;0.81;0.00;0.00;0.00;0.00;0.00;0.00
0.00;0.00;0.00;407.40;0.00;180.00;21.09;20.90;20.71;0.76;0.00;0.00;0.00;0.00;0.00;0.00
0.00;0.00;0.00;407.40;0.00;180.00;23.03;22.44;21.85;0.67;0.00;0.00;0.00;0.00;0.00;0.00
0.00;0.00;0.00;407.40;0.00;120.00;25.50;24.47;23.45;0.56;0.00;0.00;0.00;0.00;0.00;0.00
0.00;0.00;0.00;407.40;0.00;120.00;26.77;25.74;24.72;0.51;0.00;0.00;0.00;0.00;0.00;0.00
0.00;0.00;0.00;407.40;0.00;120.00;27.60;26.70;25.81;0.47;0.00;0.00;0.00;0.00;0.00;0.00
0.00;0.00;0.00;407.40;0.00;120.00;27.93;27.27;26.62;0.45;0.00;0.00;0.00;0.00;0.00;0.00
0.00;0.00;0.00;407.40;0.00;120.00;28.43;27.91;27.39;0.45;0.00;0.00;0.00;0.00;0.00;0.00
0.00;0.00;0.00;407.40;0.00;180.00;28.94;28.51;28.08;0.47;0.00;0.00;0.00;0.00;0.00;0.00
0.00;0.00;0.00;407.40;0.00;180.00;29.24;28.91;28.58;0.50;0.00;0.00;0.00;0.00;0.00;0.00
0.00;0.00;0.00;407.40;0.00;180.00;29.42;29.18;28.93;0.51;0.00;0.00;0.00;0.00;0.00;0.00
0.00;0.00;0.00;407.40;0.00;180.00;29.41;29.27;29.12;0.51;0.00;0.00;0.00;0.00;0.00;0.00
0.00;0.00;0.00;407.40;0.00;180.00;29.30;29.25;29.20;0.50;0.00;0.00;0.00;0.00;0.00;0.00
0.00;0.00;0.00;407.40;0.00;180.00;28.60;28.76;28.92;0.56;0.00;0.00;0.00;0.00;0.00;0.00
0.00;0.00;0.00;407.40;0.00;180.00;27.54;27.94;28.35;0.66;0.00;0.00;0.00;0.00;0.00;0.00
0.00;0.00;0.00;407.40;0.00;180.00;26.03;26.75;27.48;0.78;0.00;0.00;0.00;0.00;0.00;0.00
0.00;0.00;0.00;407.40;0.00;180.00;25.08;25.91;26.74;0.81;0.00;0.00;0.00;0.00;0.00;0.00
0.00;0.00;0.00;407.40;0.00;180.00;24.38;25.22;26.06;0.80;0.00;0.00;0.00;0.00;0.00;0.00
0.00;0.00;0.00;407.40;0.00;30.00;23.67;24.52;25.37;0.77;0.00;0.00;0.00;0.00;0.00;0.00
0.00;0.00;0.00;407.40;0.00;30.00;22.81;23.71;24.61;0.79;0.00;0.00;0.00;0.00;0.00;0.00
0.00;0.00;0.00;407.40;0.00;30.00;21.87;22.82;23.78;0.83;0.00;0.00;0.00;0.00;0.00;0.00
0.00;0.00;0.00;407.40;0.00;30.00;20.91;21.92;22.93;0.89;0.00;0.00;0.00;0.00;0.00;0.00
0.00;0.00;0.00;407.40;0.00;30.00;20.65;21.51;22.37;0.89;0.00;0.00;0.00;0.00;0.00;0.00
0.00;0.00;0.00;407.40;0.00;30.00;20.77;21.44;22.12;0.86;0.00;0.00;0.00;0.00;0.00;0.00
0.00;0.00;0.00;407.40;0.00;30.00;21.35;21.79;22.22;0.81;0.00;0.00;0.00;0.00;0.00;0.00
0.00;0.00;0.00;407.40;0.00;180.00;22.71;22.78;22.85;0.74;0.00;0.00;0.00;0.00;0.00;0.00
0.00;0.00;0.00;407.40;0.00;180.00;24.63;24.28;23.92;0.62;0.00;0.00;0.00;0.00;0.00;0.00
0.00;0.00;0.00;407.40;0.00;120.00;27.08;26.28;25.47;0.48;0.00;0.00;0.00;0.00;0.00;0.00
0.00;0.00;0.00;407.40;0.00;120.00;28.34;27.52;26.70;0.46;0.00;0.00;0.00;0.00;0.00;0.00
0.00;0.00;0.00;407.40;0.00;120.00;29.08;28.41;27.73;0.48;0.00;0.00;0.00;0.00;0.00;0.00
0.00;0.00;0.00;407.40;0.00;120.00;29.32;28.90;28.47;0.55;0.00;0.00;0.00;0.00;0.00;0.00
0.00;0.00;0.00;407.40;0.00;120.00;29.96;29.62;29.27;0.55;0.00;0.00;0.00;0.00;0.00;0.00
0.00;0.00;0.00;407.40;0.00;180.00;30.56;30.27;29.99;0.51;0.00;0.00;0.00;0.00;0.00;0.00
0.00;0.00;0.00;407.40;0.00;180.00;31.10;30.84;30.59;0.46;0.00;0.00;0.00;0.00;0.00;0.00
0.00;0.00;0.00;407.40;0.00;180.00;31.21;31.08;30.94;0.44;0.00;0.00;0.00;0.00;0.00;0.00
0.00;0.00;0.00;407.40;0.00;180.00;30.97;30.99;31.01;0.43;0.00;0.00;0.00;0.00;0.00;0.00
0.00;0.00;0.00;407.40;0.00;180.00;30.51;30.69;30.87;0.43;0.00;0.00;0.00;0.00;0.00;0.00
0.00;0.00;0.00;407.40;0.00;180.00;29.84;30.17;30.50;0.47;0.00;0.00;0.00;0.00;0.00;0.00
0.00;0.00;0.00;407.40;0.00;180.00;28.91;29.42;29.92;0.52;0.00;0.00;0.00;0.00;0.00;0.00
0.00;0.00;0.00;407.40;0.00;180.00;27.78;28.49;29.19;0.59;0.00;0.00;0.00;0.00;0.00;0.00
0.00;0.00;0.00;407.40;0.00;180.00;26.47;27.38;28.29;0.65;0.00;0.00;0.00;0.00;0.00;0.00
0.00;0.00;0.00;407.40;0.00;180.00;25.03;26.14;27.24;0.72;0.00;0.00;0.00;0.00;0.00;0.00
0.00;0.00;0.00;407.40;0.00;30.00;23.25;24.60;25.95;0.79;0.00;0.00;0.00;0.00;0.00;0.00
0.00;0.00;0.00;407.40;0.00;30.00;22.20;23.54;24.89;0.82;0.00;0.00;0.00;0.00;0.00;0.00
0.00;0.00;0.00;407.40;0.00;30.00;21.42;22.68;23.95;0.83;0.00;0.00;0.00;0.00;0.00;0.00
0.00;0.00;0.00;407.40;0.00;30.00;20.97;22.09;23.20;0.83;0.00;0.00;0.00;0.00;0.00;0.00
0.00;0.00;0.00;407.40;0.00;30.00;21.11;21.95;22.78;0.81;0.00;0.00;0.00;0.00;0.00;0.00
0.00;0.00;0.00;407.40;0.00;30.00;21.80;22.30;22.81;0.79;0.00;0.00;0.00;0.00;0.00;0.00
0.00;0.00;0.00;407.40;0.00;30.00;23.05;23.17;23.29;0.75;0.00;0.00;0.00;0.00;0.00;0.00
0.00;0.00;0.00;407.40;0.00;180.00;24.48;24.27;24.06;0.69;0.00;0.00;0.00;0.00;0.00;0.00
0.00;0.00;0.00;407.40;0.00;180.00;26.11;25.59;25.08;0.61;0.00;0.00;0.00;0.00;0.00;0.00
0.00;0.00;0.00;407.40;0.00;120.00;28.01;27.20;26.39;0.51;0.00;0.00;0.00;0.00;0.00;0.00
0.00;0.00;0.00;407.40;0.00;120.00;29.31;28.45;27.60;0.45;0.00;0.00;0.00;0.00;0.00;0.00
0.00;0.00;0.00;407.40;0.00;120.00;30.43;29.60;28.77;0.41;0.00;0.00;0.00;0.00;0.00;0.00
0.00;0.00;0.00;407.40;0.00;120.00;31.24;30.51;29.78;0.38;0.00;0.00;0.00;0.00;0.00;0.00
0.00;0.00;0.00;407.40;0.00;120.00;32.01;31.36;30.72;0.35;0.00;0.00;0.00;0.00;0.00;0.00
0.00;0.00;0.00;407.40;0.00;180.00;32.71;32.13;31.55;0.33;0.00;0.00;0.00;0.00;0.00;0.00
0.00;0.00;0.00;407.40;0.00;180.00;33.28;32.76;32.25;0.32;0.00;0.00;0.00;0.00;0.00;0.00
0.00;0.00;0.00;407.40;0.00;180.00;33.34;32.99;32.63;0.32;0.00;0.00;0.00;0.00;0.00;0.00
0.00;0.00;0.00;407.40;0.00;180.00;33.11;32.94;32.77;0.34;0.00;0.00;0.00;0.00;0.00;0.00
0.00;0.00;0.00;407.40;0.00;180.00;32.60;32.64;32.68;0.37;0.00;0.00;0.00;0.00;0.00;0.00
0.00;0.00;0.00;407.40;0.00;180.00;31.64;31.94;32.23;0.41;0.00;0.00;0.00;0.00;0.00;0.00
0.00;0.00;0.00;407.40;0.00;180.00;30.30;30.90;31.49;0.45;0.00;0.00;0.00;0.00;0.00;0.00
0.00;0.00;0.00;407.40;0.00;180.00;28.60;29.53;30.45;0.49;0.00;0.00;0.00;0.00;0.00;0.00
0.00;0.00;0.00;407.40;0.00;180.00;27.54;28.56;29.58;0.57;0.00;0.00;0.00;0.00;0.00;0.00
0.00;0.00;0.00;407.40;0.00;180.00;26.65;27.69;28.74;0.67;0.00;0.00;0.00;0.00;0.00;0.00
0.00;0.00;0.00;407.40;0.00;30.00;25.91;26.93;27.95;0.81;0.00;0.00;0.00;0.00;0.00;0.00
0.00;0.00;0.00;407.40;0.00;30.00;24.80;25.90;26.99;0.87;0.00;0.00;0.00;0.00;0.00;0.00
0.00;0.00;0.00;407.40;0.00;30.00;23.58;24.77;25.96;0.88;0.00;0.00;0.00;0.00;0.00;0.00
0.00;0.00;0.00;407.40;0.00;30.00;22.19;23.50;24.81;0.88;0.00;0.00;0.00;0.00;0.00;0.00
0.00;0.00;0.00;407.40;0.00;30.00;21.79;22.93;24.06;0.88;0.00;0.00;0.00;0.00;0.00;0.00
0.00;0.00;0.00;407.40;0.00;30.00;21.87;22.77;23.67;0.87;0.00;0.00;0.00;0.00;0.00;0.00
0.00;0.00;0.00;407.40;0.00;30.00;22.49;23.09;23.69;0.84;0.00;0.00;0.00;0.00;0.00;0.00
0.00;0.00;0.00;407.40;0.00;180.00;23.75;23.98;24.20;0.81;0.00;0.00;0.00;0.00;0.00;0.00
0.00;0.00;0.00;407.40;0.00;180.00;25.49;25.31;25.13;0.76;0.00;0.00;0.00;0.00;0.00;0.00
0.00;0.00;0.00;407.40;0.00;120.00;27.67;27.08;26.49;0.71;0.00;0.00;0.00;0.00;0.00;0.00
0.00;0.00;0.00;407.40;0.00;120.00;28.73;28.14;27.54;0.67;0.00;0.00;0.00;0.00;0.00;0.00
0.00;0.00;0.00;407.40;0.00;120.00;29.44;28.95;28.46;0.64;0.00;0.00;0.00;0.00;0.00;0.00
0.00;0.00;0.00;407.40;0.00;120.00;29.65;29.39;29.12;0.63;0.00;0.00;0.00;0.00;0.00;0.00
0.00;0.00;0.00;407.40;0.00;120.00;29.81;29.72;29.63;0.61;0.00;0.00;0.00;0.00;0.00;0.00
0.00;0.00;0.00;407.40;0.00;180.00;29.80;29.88;29.97;0.60;0.00;0.00;0.00;0.00;0.00;0.00
0.00;0.00;0.00;407.40;0.00;180.00;29.56;29.81;30.07;0.60;0.00;0.00;0.00;0.00;0.00;0.00
0.00;0.00;0.00;407.40;0.00;180.00;29.65;29.92;30.19;0.61;0.00;0.00;0.00;0.00;0.00;0.00
0.00;0.00;0.00;407.40;0.00;180.00;29.82;30.05;30.28;0.62;0.00;0.00;0.00;0.00;0.00;0.00
0.00;0.00;0.00;407.40;0.00;180.00;30.05;30.21;30.37;0.63;0.00;0.00;0.00;0.00;0.00;0.00
0.00;0.00;0.00;407.40;0.00;180.00;29.65;29.89;30.13;0.66;0.00;0.00;0.00;0.00;0.00;0.00
0.00;0.00;0.00;407.40;0.00;180.00;28.90;29.29;29.68;0.70;0.00;0.00;0.00;0.00;0.00;0.00
0.00;0.00;0.00;407.40;0.00;180.00;27.88;28.46;29.04;0.75;0.00;0.00;0.00;0.00;0.00;0.00
0.00;0.00;0.00;407.40;0.00;180.00;26.97;27.67;28.37;0.78;0.00;0.00;0.00;0.00;0.00;0.00
0.00;0.00;0.00;407.40;0.00;180.00;25.97;26.80;27.62;0.81;0.00;0.00;0.00;0.00;0.00;0.00
0.00;0.00;0.00;407.40;0.00;30.00;24.87;25.81;26.75;0.83;0.00;0.00;0.00;0.00;0.00;0.00
0.00;0.00;0.00;407.40;0.00;30.00;24.37;25.24;26.11;0.84;0.00;0.00;0.00;0.00;0.00;0.00
0.00;0.00;0.00;407.40;0.00;30.00;24.23;24.95;25.66;0.86;0.00;0.00;0.00;0.00;0.00;0.00
0.00;0.00;0.00;407.40;0.00;30.00;24.43;24.93;25.44;0.87;0.00;0.00;0.00;0.00;0.00;0.00
0.00;0.00;0.00;407.40;0.00;30.00;24.29;24.72;25.15;0.87;0.00;0.00;0.00;0.00;0.00;0.00
0.00;0.00;0.00;407.40;0.00;30.00;24.08;24.50;24.92;0.87;0.00;0.00;0.00;0.00;0.00;0.00
0.00;0.00;0.00;407.40;0.00;30.00;23.82;24.28;24.75;0.86;0.00;0.00;0.00;0.00;0.00;0.00
0.00;0.00;0.00;407.40;0.00;180.00;24.82;25.00;25.18;0.79;0.00;0.00;0.00;0.00;0.00;0.00
0.00;0.00;0.00;407.40;0.00;180.00;26.31;26.14;25.98;0.69;0.00;0.00;0.00;0.00;0.00;0.00
0.00;0.00;0.00;407.40;0.00;120.00;28.39;27.82;27.24;0.54;0.00;0.00;0.00;0.00;0.00;0.00
0.00;0.00;0.00;407.40;0.00;120.00;29.36;28.78;28.20;0.47;0.00;0.00;0.00;0.00;0.00;0.00
0.00;0.00;0.00;407.40;0.00;120.00;29.89;29.44;28.99;0.43;0.00;0.00;0.00;0.00;0.00;0.00
0.00;0.00;0.00;407.40;0.00;120.00;30.07;29.82;29.57;0.42;0.00;0.00;0.00;0.00;0.00;0.00
0.00;0.00;0.00;407.40;0.00;120.00;30.52;30.35;30.17;0.40;0.00;0.00;0.00;0.00;0.00;0.00
0.00;0.00;0.00;407.40;0.00;180.00;30.91;30.80;30.68;0.40;0.00;0.00;0.00;0.00;0.00;0.00
0.00;0.00;0.00;407.40;0.00;180.00;31.25;31.17;31.09;0.40;0.00;0.00;0.00;0.00;0.00;0.00
0.00;0.00;0.00;407.40;0.00;180.00;31.17;31.20;31.24;0.43;0.00;0.00;0.00;0.00;0.00;0.00
0.00;0.00;0.00;407.40;0.00;180.00;30.80;30.98;31.16;0.49;0.00;0.00;0.00;0.00;0.00;0.00
0.00;0.00;0.00;407.40;0.00;180.00;30.16;30.51;30.86;0.56;0.00;0.00;0.00;0.00;0.00;0.00
0.00;0.00;0.00;407.40;0.00;180.00;29.70;30.10;30.51;0.58;0.00;0.00;0.00;0.00;0.00;0.00
0.00;0.00;0.00;407.40;0.00;180.00;29.31;29.73;30.15;0.57;0.00;0.00;0.00;0.00;0.00;0.00
0.00;0.00;0.00;407.40;0.00;180.00;28.92;29.36;29.79;0.56;0.00;0.00;0.00;0.00;0.00;0.00
0.00;0.00;0.00;407.40;0.00;180.00;27.90;28.52;29.14;0.60;0.00;0.00;0.00;0.00;0.00;0.00
0.00;0.00;0.00;407.40;0.00;180.00;26.53;27.38;28.24;0.68;0.00;0.00;0.00;0.00;0.00;0.00
0.00;0.00;0.00;407.40;0.00;30.00;24.70;25.86;27.03;0.79;0.00;0.00;0.00;0.00;0.00;0.00
0.00;0.00;0.00;407.40;0.00;30.00;23.83;24.98;26.13;0.84;0.00;0.00;0.00;0.00;0.00;0.00
0.00;0.00;0.00;407.40;0.00;30.00;23.24;24.30;25.36;0.84;0.00;0.00;0.00;0.00;0.00;0.00
0.00;0.00;0.00;407.40;0.00;30.00;22.98;23.88;24.78;0.83;0.00;0.00;0.00;0.00;0.00;0.00
0.00;0.00;0.00;407.40;0.00;30.00;22.77;23.53;24.29;0.84;0.00;0.00;0.00;0.00;0.00;0.00
0.00;0.00;0.00;407.40;0.00;30.00;22.75;23.38;24.01;0.83;0.00;0.00;0.00;0.00;0.00;0.00
0.00;0.00;0.00;407.40;0.00;30.00;22.85;23.38;23.91;0.83;0.00;0.00;0.00;0.00;0.00;0.00
0.00;0.00;0.00;407.40;0.00;180.00;24.02;24.21;24.40;0.79;0.00;0.00;0.00;0.00;0.00;0.00
0.00;0.00;0.00;407.40;0.00;180.00;25.76;25.55;25.34;0.74;0.00;0.00;0.00;0.00;0.00;0.00
0.00;0.00;0.00;407.40;0.00;120.00;28.10;27.44;26.77;0.65;0.00;0.00;0.00;0.00;0.00;0.00
0.00;0.00;0.00;407.40;0.00;120.00;29.26;28.57;27.89;0.59;0.00;0.00;0.00;0.00;0.00;0.00
0.00;0.00;0.00;407.40;0.00;120.00;30.06;29.47;28.88;0.53;0.00;0.00;0.00;0.00;0.00;0.00
0.00;0.00;0.00;407.40;0.00;120.00;30.36;29.98;29.61;0.46;0.00;0.00;0.00;0.00;0.00;0.00
0.00;0.00;0.00;407.40;0.00;120.00;30.76;30.52;30.27;0.44;0.00;0.00;0.00;0.00;0.00;0.00
0.00;0.00;0.00;407.40;0.00;180.00;31.02;30.90;30.78;0.45;0.00;0.00;0.00;0.00;0.00;0.00
0.00;0.00;0.00;407.40;0.00;180.00;31.12;31.12;31.12;0.48;0.00;0.00;0.00;0.00;0.00;0.00
0.00;0.00;0.00;407.40;0.00;180.00;31.03;31.14;31.25;0.49;0.00;0.00;0.00;0.00;0.00;0.00
0.00;0.00;0.00;407.40;0.00;180.00;30.82;31.02;31.23;0.49;0.00;0.00;0.00;0.00;0.00;0.00
0.00;0.00;0.00;407.40;0.00;180.00;30.41;30.72;31.03;0.49;0.00;0.00;0.00;0.00;0.00;0.00
0.00;0.00;0.00;407.40;0.00;180.00;29.89;30.28;30.67;0.52;0.00;0.00;0.00;0.00;0.00;0.00
0.00;0.00;0.00;407.40;0.00;180.00;29.34;29.80;30.25;0.57;0.00;0.00;0.00;0.00;0.00;0.00
0.00;0.00;0.00;407.40;0.00;180.00;28.63;29.18;29.73;0.63;0.00;0.00;0.00;0.00;0.00;0.00
0.00;0.00;0.00;407.40;0.00;180.00;27.66;28.36;29.05;0.69;0.00;0.00;0.00;0.00;0.00;0.00
0.00;0.00;0.00;407.40;0.00;180.00;26.51;27.37;28.23;0.75;0.00;0.00;0.00;0.00;0.00;0.00
0.00;0.00;0.00;407.40;0.00;30.00;25.00;26.08;27.16;0.82;0.00;0.00;0.00;0.00;0.00;0.00
0.00;0.00;0.00;407.40;0.00;30.00;24.32;25.35;26.38;0.84;0.00;0.00;0.00;0.00;0.00;0.00
0.00;0.00;0.00;407.40;0.00;30.00;23.98;24.88;25.78;0.85;0.00;0.00;0.00;0.00;0.00;0.00
0.00;0.00;0.00;407.40;0.00;30.00;23.92;24.64;25.36;0.84;0.00;0.00;0.00;0.00;0.00;0.00
0.00;0.00;0.00;407.40;0.00;30.00;23.74;24.35;24.96;0.83;0.00;0.00;0.00;0.00;0.00;0.00
0.00;0.00;0.00;407.40;0.00;30.00;23.58;24.13;24.68;0.82;0.00;0.00;0.00;0.00;0.00;0.00
0.00;0.00;0.00;407.40;0.00;30.00;23.46;23.99;24.51;0.80;0.00;0.00;0.00;0.00;0.00;0.00
0.00;0.00;0.00;407.40;0.00;180.00;24.54;24.75;24.96;0.76;0.00;0.00;0.00;0.00;0.00;0.00
0.00;0.00;0.00;407.40;0.00;180.00;26.19;26.01;25.84;0.70;0.00;0.00;0.00;0.00;0.00;0.00
0.00;0.00;0.00;407.40;0.00;120.00;28.44;27.83;27.21;0.64;0.00;0.00;0.00;0.00;0.00;0.00
0.00;0.00;0.00;407.40;0.00;120.00;29.59;28.94;28.29;0.60;0.00;0.00;0.00;0.00;0.00;0.00
0.00;0.00;0.00;407.40;0.00;120.00;30.38;29.82;29.26;0.56;0.00;0.00;0.00;0.00;0.00;0.00
0.00;0.00;0.00;407.40;0.00;120.00;30.75;30.37;29.99;0.54;0.00;0.00;0.00;0.00;0.00;0.00
0.00;0.00;0.00;407.40;0.00;120.00;31.23;30.96;30.69;0.52;0.00;0.00;0.00;0.00;0.00;0.00
0.00;0.00;0.00;407.40;0.00;180.00;31.73;31.52;31.31;0.50;0.00;0.00;0.00;0.00;0.00;0.00
0.00;0.00;0.00;407.40;0.00;180.00;32.01;31.88;31.75;0.49;0.00;0.00;0.00;0.00;0.00;0.00
0.00;0.00;0.00;407.40;0.00;180.00;32.02;32.00;31.98;0.50;0.00;0.00;0.00;0.00;0.00;0.00
0.00;0.00;0.00;407.40;0.00;180.00;31.82;31.92;32.01;0.51;0.00;0.00;0.00;0.00;0.00;0.00
0.00;0.00;0.00;407.40;0.00;180.00;31.36;31.59;31.83;0.55;0.00;0.00;0.00;0.00;0.00;0.00
0.00;0.00;0.00;407.40;0.00;180.00;30.68;31.06;31.43;0.61;0.00;0.00;0.00;0.00;0.00;0.00
0.00;0.00;0.00;407.40;0.00;180.00;29.82;30.35;30.87;0.69;0.00;0.00;0.00;0.00;0.00;0.00
0.00;0.00;0.00;407.40;0.00;180.00;28.77;29.47;30.16;0.80;0.00;0.00;0.00;0.00;0.00;0.00
0.00;0.00;0.00;407.40;0.00;180.00;27.93;28.70;29.48;0.84;0.00;0.00;0.00;0.00;0.00;0.00
0.00;0.00;0.00;407.40;0.00;180.00;27.08;27.92;28.76;0.85;0.00;0.00;0.00;0.00;0.00;0.00
0.00;0.00;0.00;407.40;0.00;30.00;26.21;27.10;28.00;0.83;0.00;0.00;0.00;0.00;0.00;0.00
0.00;0.00;0.00;407.40;0.00;30.00;25.42;26.33;27.24;0.81;0.00;0.00;0.00;0.00;0.00;0.00
0.00;0.00;0.00;407.40;0.00;30.00;24.71;25.62;26.52;0.78;0.00;0.00;0.00;0.00;0.00;0.00
0.00;0.00;0.00;407.40;0.00;30.00;24.01;24.90;25.80;0.74;0.00;0.00;0.00;0.00;0.00;0.00
0.00;0.00;0.00;407.40;0.00;30.00;23.69;24.48;25.27;0.73;0.00;0.00;0.00;0.00;0.00;0.00
0.00;0.00;0.00;407.40;0.00;30.00;23.59;24.26;24.93;0.72;0.00;0.00;0.00;0.00;0.00;0.00
0.00;0.00;0.00;407.40;0.00;30.00;23.76;24.31;24.85;0.74;0.00;0.00;0.00;0.00;0.00;0.00
0.00;0.00;0.00;407.40;0.00;180.00;24.85;25.07;25.29;0.72;0.00;0.00;0.00;0.00;0.00;0.00
0.00;0.00;0.00;407.40;0.00;180.00;26.42;26.27;26.12;0.68;0.00;0.00;0.00;0.00;0.00;0.00
0.00;0.00;0.00;407.40;0.00;120.00;28.50;27.95;27.39;0.64;0.00;0.00;0.00;0.00;0.00;0.00
0.00;0.00;0.00;407.40;0.00;120.00;29.47;28.91;28.36;0.62;0.00;0.00;0.00;0.00;0.00;0.00
0.00;0.00;0.00;407.40;0.00;120.00;29.93;29.52;29.12;0.63;0.00;0.00;0.00;0.00;0.00;0.00
0.00;0.00;0.00;407.40;0.00;120.00;29.95;29.78;29.62;0.64;0.00;0.00;0.00;0.00;0.00;0.00
0.00;0.00;0.00;407.40;0.00;120.00;30.38;30.29;30.19;0.63;0.00;0.00;0.00;0.00;0.00;0.00
0.00;0.00;0.00;407.40;0.00;180.00;30.93;30.84;30.75;0.61;0.00;0.00;0.00;0.00;0.00;0.00
0.00;0.00;0.00;407.40;0.00;180.00;31.42;31.33;31.23;0.58;0.00;0.00;0.00;0.00;0.00;0.00
0.00;0.00;0.00;407.40;0.00;180.00;31.36;31.38;31.40;0.56;0.00;0.00;0.00;0.00;0.00;0.00
0.00;0.00;0.00;407.40;0.00;180.00;30.99;31.16;31.33;0.52;0.00;0.00;0.00;0.00;0.00;0.00
0.00;0.00;0.00;407.40;0.00;180.00;30.28;30.64;31.00;0.49;0.00;0.00;0.00;0.00;0.00;0.00
0.00;0.00;0.00;407.40;0.00;180.00;29.65;30.11;30.57;0.52;0.00;0.00;0.00;0.00;0.00;0.00
0.00;0.00;0.00;407.40;0.00;180.00;29.01;29.55;30.08;0.59;0.00;0.00;0.00;0.00;0.00;0.00
0.00;0.00;0.00;407.40;0.00;180.00;28.29;28.90;29.52;0.69;0.00;0.00;0.00;0.00;0.00;0.00
0.00;0.00;0.00;407.40;0.00;180.00;27.39;28.12;28.84;0.74;0.00;0.00;0.00;0.00;0.00;0.00
0.00;0.00;0.00;407.40;0.00;180.00;26.31;27.18;28.04;0.78;0.00;0.00;0.00;0.00;0.00;0.00
0.00;0.00;0.00;407.40;0.00;30.00;24.96;26.00;27.04;0.81;0.00;0.00;0.00;0.00;0.00;0.00
0.00;0.00;0.00;407.40;0.00;30.00;24.21;25.23;26.25;0.83;0.00;0.00;0.00;0.00;0.00;0.00
0.00;0.00;0.00;407.40;0.00;30.00;23.64;24.59;25.54;0.83;0.00;0.00;0.00;0.00;0.00;0.00
0.00;0.00;0.00;407.40;0.00;30.00;23.33;24.16;24.98;0.82;0.00;0.00;0.00;0.00;0.00;0.00
0.00;0.00;0.00;407.40;0.00;30.00;23.27;23.94;24.60;0.81;0.00;0.00;0.00;0.00;0.00;0.00
0.00;0.00;0.00;407.40;0.00;30.00;23.42;23.92;24.41;0.81;0.00;0.00;0.00;0.00;0.00;0.00
0.00;0.00;0.00;407.40;0.00;30.00;23.86;24.18;24.50;0.81;0.00;0.00;0.00;0.00;0.00;0.00
0.00;0.00;0.00;407.40;0.00;180.00;24.76;24.85;24.94;0.79;0.00;0.00;0.00;0.00;0.00;0.00
0.00;0.00;0.00;407.40;0.00;180.00;25.95;25.81;25.66;0.78;0.00;0.00;0.00;0.00;0.00;0.00
0.00;0.00;0.00;407.40;0.00;120.00;27.47;27.08;26.69;0.76;0.00;0.00;0.00;0.00;0.00;0.00
0.00;0.00;0.00;407.40;0.00;120.00;28.40;27.99;27.58;0.73;0.00;0.00;0.00;0.00;0.00;0.00
0.00;0.00;0.00;407.40;0.00;120.00;29.07;28.72;28.38;0.69;0.00;0.00;0.00;0.00;0.00;0.00
0.00;0.00;0.00;407.40;0.00;120.00;29.48;29.26;29.04;0.65;0.00;0.00;0.00;0.00;0.00;0.00
0.00;0.00;0.00;407.40;0.00;120.00;29.16;29.23;29.30;0.67;0.00;0.00;0.00;0.00;0.00;0.00
0.00;0.00;0.00;407.40;0.00;180.00;28.33;28.76;29.18;0.74;0.00;0.00;0.00;0.00;0.00;0.00
0.00;0.00;0.00;407.40;0.00;180.00;26.91;27.75;28.59;0.84;0.00;0.00;0.00;0.00;0.00;0.00
0.00;0.00;0.00;407.40;0.00;180.00;26.09;27.07;28.05;0.85;0.00;0.00;0.00;0.00;0.00;0.00
0.00;0.00;0.00;407.40;0.00;180.00;25.34;26.38;27.42;0.82;0.00;0.00;0.00;0.00;0.00;0.00
0.00;0.00;0.00;407.40;0.00;180.00;24.64;25.69;26.73;0.77;0.00;0.00;0.00;0.00;0.00;0.00
0.00;0.00;0.00;407.40;0.00;180.00;24.00;25.01;26.01;0.77;0.00;0.00;0.00;0.00;0.00;0.00
0.00;0.00;0.00;407.40;0.00;180.00;23.37;24.33;25.29;0.77;0.00;0.00;0.00;0.00;0.00;0.00
0.00;0.00;0.00;407.40;0.00;180.00;22.90;23.78;24.67;0.79;0.00;0.00;0.00;0.00;0.00;0.00
0.00;0.00;0.00;407.40;0.00;180.00;22.68;23.43;24.19;0.80;0.00;0.00;0.00;0.00;0.00;0.00
0.00;0.00;0.00;407.40;0.00;180.00;22.64;23.25;23.85;0.82;0.00;0.00;0.00;0.00;0.00;0.00
0.00;0.00;0.00;407.40;0.00;30.00;22.77;23.21;23.64;0.84;0.00;0.00;0.00;0.00;0.00;0.00
0.00;0.00;0.00;407.40;0.00;30.00;22.48;22.90;23.31;0.85;0.00;0.00;0.00;0.00;0.00;0.00
0.00;0.00;0.00;407.40;0.00;30.00;22.10;22.52;22.94;0.85;0.00;0.00;0.00;0.00;0.00;0.00
0.00;0.00;0.00;407.40;0.00;30.00;21.47;21.96;22.46;0.86;0.00;0.00;0.00;0.00;0.00;0.00
0.00;0.00;0.00;407.40;0.00;30.00;21.29;21.72;22.15;0.87;0.00;0.00;0.00;0.00;0.00;0.00
0.00;0.00;0.00;407.40;0.00;30.00;21.31;21.66;22.01;0.88;0.00;0.00;0.00;0.00;0.00;0.00
0.00;0.00;0.00;407.40;0.00;30.00;21.45;21.74;22.02;0.90;0.00;0.00;0.00;0.00;0.00;0.00
0.00;0.00;0.00;407.40;0.00;180.00;22.26;22.36;22.45;0.85;0.00;0.00;0.00;0.00;0.00;0.00
0.00;0.00;0.00;407.40;0.00;180.00;23.30;23.20;23.11;0.79;0.00;0.00;0.00;0.00;0.00;0.00
0.00;0.00;0.00;407.40;0.00;120.00;24.74;24.41;24.08;0.70;0.00;0.00;0.00;0.00;0.00;0.00
0.00;0.00;0.00;407.40;0.00;120.00;25.80;25.42;25.03;0.64;0.00;0.00;0.00;0.00;0.00;0.00
0.00;0.00;0.00;407.40;0.00;120.00;26.80;26.39;25.98;0.59;0.00;0.00;0.00;0.00;0.00;0.00
0.00;0.00;0.00;407.40;0.00;120.00;27.71;27.31;26.92;0.54;0.00;0.00;0.00;0.00;0.00;0.00
0.00;0.00;0.00;407.40;0.00;120.00;27.99;27.76;27.54;0.53;0.00;0.00;0.00;0.00;0.00;0.00
0.00;0.00;0.00;407.40;0.00;180.00;27.85;27.86;27.86;0.55;0.00;0.00;0.00;0.00;0.00;0.00
0.00;0.00;0.00;407.40;0.00;180.00;27.22;27.52;27.82;0.60;0.00;0.00;0.00;0.00;0.00;0.00
0.00;0.00;0.00;407.40;0.00;180.00;27.13;27.49;27.84;0.61;0.00;0.00;0.00;0.00;0.00;0.00
0.00;0.00;0.00;407.40;0.00;180.00;27.12;27.47;27.82;0.60;0.00;0.00;0.00;0.00;0.00;0.00
0.00;0.00;0.00;407.40;0.00;180.00;27.17;27.47;27.76;0.57;0.00;0.00;0.00;0.00;0.00;0.00
0.00;0.00;0.00;407.40;0.00;180.00;26.52;26.93;27.34;0.61;0.00;0.00;0.00;0.00;0.00;0.00
0.00;0.00;0.00;407.40;0.00;180.00;25.41;26.04;26.66;0.68;0.00;0.00;0.00;0.00;0.00;0.00
0.00;0.00;0.00;407.40;0.00;180.00;23.95;24.84;25.72;0.78;0.00;0.00;0.00;0.00;0.00;0.00
0.00;0.00;0.00;407.40;0.00;180.00;23.22;24.12;25.01;0.81;0.00;0.00;0.00;0.00;0.00;0.00
0.00;0.00;0.00;407.40;0.00;180.00;22.67;23.53;24.38;0.79;0.00;0.00;0.00;0.00;0.00;0.00
0.00;0.00;0.00;407.40;0.00;30.00;22.28;23.06;23.83;0.75;0.00;0.00;0.00;0.00;0.00;0.00
0.00;0.00;0.00;407.40;0.00;30.00;21.77;22.51;23.25;0.74;0.00;0.00;0.00;0.00;0.00;0.00
0.00;0.00;0.00;407.40;0.00;30.00;21.25;21.97;22.69;0.74;0.00;0.00;0.00;0.00;0.00;0.00
0.00;0.00;0.00;407.40;0.00;30.00;20.65;21.37;22.09;0.75;0.00;0.00;0.00;0.00;0.00;0.00
0.00;0.00;0.00;407.40;0.00;30.00;20.52;21.12;21.72;0.76;0.00;0.00;0.00;0.00;0.00;0.00
0.00;0.00;0.00;407.40;0.00;30.00;20.61;21.08;21.55;0.76;0.00;0.00;0.00;0.00;0.00;0.00
0.00;0.00;0.00;407.40;0.00;30.00;20.89;21.24;21.59;0.77;0.00;0.00;0.00;0.00;0.00;0.00
0.00;0.00;0.00;407.40;0.00;180.00;22.00;22.05;22.09;0.70;0.00;0.00;0.00;0.00;0.00;0.00
0.00;0.00;0.00;407.40;0.00;180.00;23.50;23.20;22.90;0.59;0.00;0.00;0.00;0.00;0.00;0.00
0.00;0.00;0.00;407.40;0.00;120.00;25.43;24.77;24.10;0.44;0.00;0.00;0.00;0.00;0.00;0.00
0.00;0.00;0.00;407.40;0.00;120.00;26.46;25.77;25.08;0.37;0.00;0.00;0.00;0.00;0.00;0.00
0.00;0.00;0.00;407.40;0.00;120.00;27.15;26.54;25.94;0.35;0.00;0.00;0.00;0.00;0.00;0.00
0.00;0.00;0.00;407.40;0.00;120.00;27.50;27.05;26.61;0.36;0.00;0.00;0.00;0.00;0.00;0.00
0.00;0.00;0.00;407.40;0.00;120.00;27.81;27.49;27.17;0.34;0.00;0.00;0.00;0.00;0.00;0.00
0.00;0.00;0.00;407.40;0.00;180.00;28.04;27.83;27.62;0.33;0.00;0.00;0.00;0.00;0.00;0.00
0.00;0.00;0.00;407.40;0.00;180.00;28.06;27.96;27.87;0.32;0.00;0.00;0.00;0.00;0.00;0.00
0.00;0.00;0.00;407.40;0.00;180.00;28.18;28.13;28.08;0.32;0.00;0.00;0.00;0.00;0.00;0.00
0.00;0.00;0.00;407.40;0.00;180.00;28.30;28.26;28.22;0.32;0.00;0.00;0.00;0.00;0.00;0.00
0.00;0.00;0.00;407.40;0.00;180.00;28.48;28.43;28.37;0.32;0.00;0.00;0.00;0.00;0.00;0.00
0.00;0.00;0.00;407.40;0.00;180.00;27.64;27.83;28.01;0.39;0.00;0.00;0.00;0.00;0.00;0.00
0.00;0.00;0.00;407.40;0.00;180.00;26.33;26.83;27.33;0.49;0.00;0.00;0.00;0.00;0.00;0.00
0.00;0.00;0.00;407.40;0.00;180.00;24.40;25.32;26.23;0.63;0.00;0.00;0.00;0.00;0.00;0.00
0.00;0.00;0.00;407.40;0.00;180.00;23.57;24.51;25.46;0.67;0.00;0.00;0.00;0.00;0.00;0.00
0.00;0.00;0.00;407.40;0.00;180.00;23.17;24.02;24.88;0.68;0.00;0.00;0.00;0.00;0.00;0.00
0.00;0.00;0.00;407.40;0.00;30.00;23.02;23.73;24.43;0.66;0.00;0.00;0.00;0.00;0.00;0.00
0.00;0.00;0.00;407.40;0.00;30.00;22.44;23.15;23.85;0.67;0.00;0.00;0.00;0.00;0.00;0.00
0.00;0.00;0.00;407.40;0.00;30.00;21.69;22.44;23.20;0.71;0.00;0.00;0.00;0.00;0.00;0.00
0.00;0.00;0.00;407.40;0.00;30.00;20.77;21.61;22.44;0.74;0.00;0.00;0.00;0.00;0.00;0.00
0.00;0.00;0.00;407.40;0.00;30.00;20.69;21.36;22.04;0.73;0.00;0.00;0.00;0.00;0.00;0.00
0.00;0.00;0.00;407.40;0.00;30.00;21.07;21.52;21.97;0.70;0.00;0.00;0.00;0.00;0.00;0.00
0.00;0.00;0.00;407.40;0.00;30.00;21.92;22.10;22.28;0.63;0.00;0.00;0.00;0.00;0.00;0.00
0.00;0.00;0.00;407.40;0.00;180.00;22.78;22.77;22.76;0.59;0.00;0.00;0.00;0.00;0.00;0.00
0.00;0.00;0.00;407.40;0.00;180.00;23.66;23.52;23.37;0.55;0.00;0.00;0.00;0.00;0.00;0.00
0.00;0.00;0.00;407.40;0.00;120.00;24.63;24.38;24.13;0.52;0.00;0.00;0.00;0.00;0.00;0.00
0.00;0.00;0.00;407.40;0.00;120.00;25.50;25.22;24.94;0.47;0.00;0.00;0.00;0.00;0.00;0.00
0.00;0.00;0.00;407.40;0.00;120.00;26.39;26.09;25.79;0.41;0.00;0.00;0.00;0.00;0.00;0.00
0.00;0.00;0.00;407.40;0.00;120.00;27.20;26.90;26.61;0.34;0.00;0.00;0.00;0.00;0.00;0.00
0.00;0.00;0.00;407.40;0.00;120.00;27.76;27.53;27.30;0.31;0.00;0.00;0.00;0.00;0.00;0.00
0.00;0.00;0.00;407.40;0.00;180.00;28.18;28.02;27.86;0.32;0.00;0.00;0.00;0.00;0.00;0.00
0.00;0.00;0.00;407.40;0.00;180.00;28.45;28.36;28.27;0.34;0.00;0.00;0.00;0.00;0.00;0.00
0.00;0.00;0.00;407.40;0.00;180.00;28.37;28.40;28.44;0.35;0.00;0.00;0.00;0.00;0.00;0.00
0.00;0.00;0.00;407.40;0.00;180.00;28.08;28.24;28.40;0.35;0.00;0.00;0.00;0.00;0.00;0.00
0.00;0.00;0.00;407.40;0.00;180.00;27.60;27.89;28.18;0.36;0.00;0.00;0.00;0.00;0.00;0.00
0.00;0.00;0.00;407.40;0.00;180.00;26.92;27.33;27.75;0.42;0.00;0.00;0.00;0.00;0.00;0.00
0.00;0.00;0.00;407.40;0.00;180.00;25.97;26.55;27.13;0.49;0.00;0.00;0.00;0.00;0.00;0.00
0.00;0.00;0.00;407.40;0.00;180.00;24.83;25.60;26.36;0.58;0.00;0.00;0.00;0.00;0.00;0.00
0.00;0.00;0.00;407.40;0.00;180.00;24.05;24.87;25.68;0.64;0.00;0.00;0.00;0.00;0.00;0.00
0.00;0.00;0.00;407.40;0.00;180.00;23.44;24.25;25.05;0.67;0.00;0.00;0.00;0.00;0.00;0.00
0.00;0.00;0.00;407.40;0.00;30.00;22.90;23.67;24.45;0.71;0.00;0.00;0.00;0.00;0.00;0.00
0.00;0.00;0.00;407.40;0.00;30.00;22.61;23.29;23.97;0.72;0.00;0.00;0.00;0.00;0.00;0.00
0.00;0.00;0.00;407.40;0.00;30.00;22.42;23.00;23.58;0.73;0.00;0.00;0.00;0.00;0.00;0.00
0.00;0.00;0.00;407.40;0.00;30.00;22.40;22.86;23.31;0.71;0.00;0.00;0.00;0.00;0.00;0.00
0.00;0.00;0.00;407.40;0.00;30.00;21.94;22.42;22.89;0.72;0.00;0.00;0.00;0.00;0.00;0.00
0.00;0.00;0.00;407.40;0.00;30.00;21.40;21.94;22.48;0.74;0.00;0.00;0.00;0.00;0.00;0.00
0.00;0.00;0.00;407.40;0.00;30.00;20.64;21.33;22.01;0.76;0.00;0.00;0.00;0.00;0.00;0.00
0.00;0.00;0.00;407.40;0.00;180.00;21.50;21.89;22.28;0.71;0.00;0.00;0.00;0.00;0.00;0.00
0.00;0.00;0.00;407.40;0.00;180.00;23.03;23.02;23.00;0.62;0.00;0.00;0.00;0.00;0.00;0.00
0.00;0.00;0.00;407.40;0.00;120.00;25.33;24.81;24.29;0.50;0.00;0.00;0.00;0.00;0.00;0.00
0.00;0.00;0.00;407.40;0.00;120.00;26.29;25.76;25.22;0.44;0.00;0.00;0.00;0.00;0.00;0.00
0.00;0.00;0.00;407.40;0.00;120.00;26.81;26.40;25.99;0.42;0.00;0.00;0.00;0.00;0.00;0.00
0.00;0.00;0.00;407.40;0.00;120.00;26.91;26.71;26.51;0.42;0.00;0.00;0.00;0.00;0.00;0.00
0.00;0.00;0.00;407.40;0.00;120.00;27.35;27.21;27.07;0.41;0.00;0.00;0.00;0.00;0.00;0.00
0.00;0.00;0.00;407.40;0.00;180.00;27.74;27.65;27.56;0.41;0.00;0.00;0.00;0.00;0.00;0.00
0.00;0.00;0.00;407.40;0.00;180.00;28.07;28.01;27.95;0.42;0.00;0.00;0.00;0.00;0.00;0.00
0.00;0.00;0.00;407.40;0.00;180.00;28.21;28.20;28.18;0.43;0.00;0.00;0.00;0.00;0.00;0.00
0.00;0.00;0.00;407.40;0.00;180.00;28.25;28.27;28.30;0.44;0.00;0.00;0.00;0.00;0.00;0.00
0.00;0.00;0.00;407.40;0.00;180.00;28.19;28.25;28.32;0.45;0.00;0.00;0.00;0.00;0.00;0.00
0.00;0.00;0.00;407.40;0.00;180.00;27.40;27.67;27.93;0.51;0.00;0.00;0.00;0.00;0.00;0.00
0.00;0.00;0.00;407.40;0.00;180.00;26.08;26.64;27.21;0.60;0.00;0.00;0.00;0.00;0.00;0.00
0.00;0.00;0.00;407.40;0.00;180.00;24.38;25.28;26.19;0.71;0.00;0.00;0.00;0.00;0.00;0.00
0.00;0.00;0.00;407.40;0.00;180.00;23.40;24.38;25.36;0.77;0.00;0.00;0.00;0.00;0.00;0.00
0.00;0.00;0.00;407.40;0.00;180.00;22.60;23.59;24.58;0.81;0.00;0.00;0.00;0.00;0.00;0.00
0.00;0.00;0.00;407.40;0.00;30.00;21.87;22.84;23.81;0.84;0.00;0.00;0.00;0.00;0.00;0.00
0.00;0.00;0.00;407.40;0.00;30.00;21.15;22.11;23.06;0.86;0.00;0.00;0.00;0.00;0.00;0.00
0.00;0.00;0.00;407.40;0.00;30.00;20.52;21.44;22.35;0.88;0.00;0.00;0.00;0.00;0.00;0.00
0.00;0.00;0.00;407.40;0.00;30.00;19.97;20.84;21.70;0.89;0.00;0.00;0.00;0.00;0.00;0.00
0.00;0.00;0.00;407.40;0.00;30.00;19.90;20.60;21.29;0.89;0.00;0.00;0.00;0.00;0.00;0.00
0.00;0.00;0.00;407.40;0.00;30.00;20.13;20.64;21.14;0.88;0.00;0.00;0.00;0.00;0.00;0.00
0.00;0.00;0.00;407.40;0.00;30.00;20.65;20.96;21.27;0.86;0.00;0.00;0.00;0.00;0.00;0.00
0.00;0.00;0.00;407.40;0.00;180.00;21.93;21.90;21.87;0.75;0.00;0.00;0.00;0.00;0.00;0.00
0.00;0.00;0.00;407.40;0.00;180.00;23.61;23.21;22.81;0.61;0.00;0.00;0.00;0.00;0.00;0.00
0.00;0.00;0.00;407.40;0.00;120.00;25.72;24.93;24.15;0.40;0.00;0.00;0.00;0.00;0.00;0.00
0.00;0.00;0.00;407.40;0.00;120.00;26.78;25.99;25.21;0.33;0.00;0.00;0.00;0.00;0.00;0.00
0.00;0.00;0.00;407.40;0.00;120.00;27.49;26.81;26.13;0.32;0.00;0.00;0.00;0.00;0.00;0.00
0.00;0.00;0.00;407.40;0.00;120.00;27.70;27.24;26.79;0.35;0.00;0.00;0.00;0.00;0.00;0.00
0.00;0.00;0.00;407.40;0.00;120.00;28.09;27.75;27.41;0.36;0.00;0.00;0.00;0.00;0.00;0.00
0.00;0.00;0.00;407.40;0.00;180.00;28.41;28.17;27.92;0.38;0.00;0.00;0.00;0.00;0.00;0.00
0.00;0.00;0.00;407.40;0.00;180.00;28.59;28.44;28.28;0.41;0.00;0.00;0.00;0.00;0.00;0.00
0.00;0.00;0.00;407.40;0.00;180.00;28.43;28.41;28.39;0.44;0.00;0.00;0.00;0.00;0.00;0.00
0.00;0.00;0.00;407.40;0.00;180.00;28.06;28.18;28.31;0.47;0.00;0.00;0.00;0.00;0.00;0.00
0.00;0.00;0.00;407.40;0.00;180.00;27.42;27.72;28.02;0.51;0.00;0.00;0.00;0.00;0.00;0.00
0.00;0.00;0.00;407.40;0.00;180.00;26.88;27.27;27.65;0.55;0.00;0.00;0.00;0.00;0.00;0.00
0.00;0.00;0.00;407.40;0.00;180.00;26.34;26.78;27.23;0.61;0.00;0.00;0.00;0.00;0.00;0.00
0.00;0.00;0.00;407.40;0.00;180.00;25.78;26.28;26.78;0.67;0.00;0.00;0.00;0.00;0.00;0.00
0.00;0.00;0.00;407.40;0.00;180.00;24.91;25.54;26.17;0.72;0.00;0.00;0.00;0.00;0.00;0.00
0.00;0.00;0.00;407.40;0.00;180.00;23.92;24.69;25.45;0.76;0.00;0.00;0.00;0.00;0.00;0.00
0.00;0.00;0.00;407.40;0.00;30.00;22.67;23.60;24.54;0.82;0.00;0.00;0.00;0.00;0.00;0.00
0.00;0.00;0.00;407.40;0.00;30.00;22.09;22.98;23.86;0.82;0.00;0.00;0.00;0.00;0.00;0.00
0.00;0.00;0.00;407.40;0.00;30.00;21.78;22.56;23.33;0.80;0.00;0.00;0.00;0.00;0.00;0.00
0.00;0.00;0.00;407.40;0.00;30.00;21.74;22.35;22.97;0.75;0.00;0.00;0.00;0.00;0.00;0.00
0.00;0.00;0.00;407.40;0.00;30.00;21.57;22.09;22.62;0.77;0.00;0.00;0.00;0.00;0.00;0.00
0.00;0.00;0.00;407.40;0.00;30.00;21.42;21.88;22.34;0.81;0.00;0.00;0.00;0.00;0.00;0.00
0.00;0.00;0.00;407.40;0.00;30.00;21.37;21.79;22.21;0.88;0.00;0.00;0.00;0.00;0.00;0.00
0.00;0.00;0.00;407.40;0.00;180.00;21.92;22.18;22.44;0.87;0.00;0.00;0.00;0.00;0.00;0.00
0.00;0.00;0.00;407.40;0.00;180.00;22.60;22.72;22.85;0.85;0.00;0.00;0.00;0.00;0.00;0.00
0.00;0.00;0.00;407.40;0.00;120.00;23.59;23.55;23.50;0.80;0.00;0.00;0.00;0.00;0.00;0.00
0.00;0.00;0.00;407.40;0.00;120.00;24.28;24.20;24.12;0.74;0.00;0.00;0.00;0.00;0.00;0.00
0.00;0.00;0.00;407.40;0.00;120.00;24.97;24.88;24.78;0.66;0.00;0.00;0.00;0.00;0.00;0.00
0.00;0.00;0.00;407.40;0.00;120.00;25.58;25.50;25.41;0.57;0.00;0.00;0.00;0.00;0.00;0.00
0.00;0.00;0.00;407.40;0.00;120.00;26.03;25.99;25.95;0.54;0.00;0.00;0.00;0.00;0.00;0.00
0.00;0.00;0.00;407.40;0.00;180.00;26.41;26.41;26.42;0.54;0.00;0.00;0.00;0.00;0.00;0.00
0.00;0.00;0.00;407.40;0.00;180.00;26.58;26.65;26.72;0.55;0.00;0.00;0.00;0.00;0.00;0.00
0.00;0.00;0.00;407.40;0.00;180.00;26.64;26.76;26.89;0.58;0.00;0.00;0.00;0.00;0.00;0.00
0.00;0.00;0.00;407.40;0.00;180.00;26.58;26.75;26.92;0.64;0.00;0.00;0.00;0.00;0.00;0.00
0.00;0.00;0.00;407.40;0.00;180.00;26.34;26.57;26.79;0.70;0.00;0.00;0.00;0.00;0.00;0.00
0.00;0.00;0.00;407.40;0.00;180.00;25.75;26.09;26.43;0.74;0.00;0.00;0.00;0.00;0.00;0.00
0.00;0.00;0.00;407.40;0.00;180.00;24.97;25.45;25.92;0.76;0.00;0.00;0.00;0.00;0.00;0.00
0.00;0.00;0.00;407.40;0.00;180.00;23.94;24.59;25.24;0.79;0.00;0.00;0.00;0.00;0.00;0.00
0.00;0.00;0.00;407.40;0.00;180.00;23.49;24.12;24.76;0.81;0.00;0.00;0.00;0.00;0.00;0.00
0.00;0.00;0.00;407.40;0.00;180.00;23.30;23.85;24.40;0.83;0.00;0.00;0.00;0.00;0.00;0.00
0.00;0.00;0.00;407.40;0.00;30.00;23.20;23.66;24.11;0.86;0.00;0.00;0.00;0.00;0.00;0.00
0.00;0.00;0.00;407.40;0.00;30.00;22.59;23.10;23.62;0.88;0.00;0.00;0.00;0.00;0.00;0.00
0.00;0.00;0.00;407.40;0.00;30.00;21.78;22.40;23.01;0.92;0.00;0.00;0.00;0.00;0.00;0.00
0.00;0.00;0.00;407.40;0.00;30.00;20.72;21.49;22.25;0.95;0.00;0.00;0.00;0.00;0.00;0.00
0.00;0.00;0.00;407.40;0.00;30.00;20.48;21.14;21.81;0.96;0.00;0.00;0.00;0.00;0.00;0.00
0.00;0.00;0.00;407.40;0.00;30.00;20.55;21.06;21.58;0.93;0.00;0.00;0.00;0.00;0.00;0.00
0.00;0.00;0.00;407.40;0.00;30.00;21.06;21.38;21.69;0.87;0.00;0.00;0.00;0.00;0.00;0.00
0.00;0.00;0.00;407.40;0.00;180.00;22.04;22.11;22.18;0.81;0.00;0.00;0.00;0.00;0.00;0.00
0.00;0.00;0.00;407.40;0.00;180.00;23.31;23.13;22.96;0.76;0.00;0.00;0.00;0.00;0.00;0.00
0.00;0.00;0.00;407.40;0.00;120.00;25.01;24.54;24.08;0.70;0.00;0.00;0.00;0.00;0.00;0.00
0.00;0.00;0.00;407.40;0.00;120.00;25.95;25.49;25.02;0.65;0.00;0.00;0.00;0.00;0.00;0.00
0.00;0.00;0.00;407.40;0.00;120.00;26.63;26.25;25.87;0.62;0.00;0.00;0.00;0.00;0.00;0.00
0.00;0.00;0.00;407.40;0.00;120.00;27.06;26.82;26.57;0.61;0.00;0.00;0.00;0.00;0.00;0.00
0.00;0.00;0.00;407.40;0.00;120.00;27.14;27.09;27.04;0.60;0.00;0.00;0.00;0.00;0.00;0.00
0.00;0.00;0.00;407.40;0.00;180.00;26.97;27.12;27.28;0.61;0.00;0.00;0.00;0.00;0.00;0.00
0.00;0.00;0.00;407.40;0.00;180.00;26.48;26.85;27.23;0.63;0.00;0.00;0.00;0.00;0.00;0.00
0.00;0.00;0.00;407.40;0.00;180.00;25.92;26.46;27.00;0.66;0.00;0.00;0.00;0.00;0.00;0.00
0.00;0.00;0.00;407.40;0.00;180.00;25.23;25.91;26.58;0.70;0.00;0.00;0.00;0.00;0.00;0.00
0.00;0.00;0.00;407.40;0.00;180.00;24.43;25.21;25.99;0.74;0.00;0.00;0.00;0.00;0.00;0.00
0.00;0.00;0.00;407.40;0.00;180.00;23.74;24.55;25.35;0.78;0.00;0.00;0.00;0.00;0.00;0.00
0.00;0.00;0.00;407.40;0.00;180.00;23.13;23.93;24.73;0.82;0.00;0.00;0.00;0.00;0.00;0.00
0.00;0.00;0.00;407.40;0.00;180.00;22.61;23.38;24.15;0.86;0.00;0.00;0.00;0.00;0.00;0.00
0.00;0.00;0.00;407.40;0.00;180.00;22.09;22.83;23.58;0.88;0.00;0.00;0.00;0.00;0.00;0.00
0.00;0.00;0.00;407.40;0.00;180.00;21.65;22.36;23.06;0.89;0.00;0.00;0.00;0.00;0.00;0.00
0.00;0.00;0.00;407.40;0.00;30.00;21.20;21.88;22.55;0.90;0.00;0.00;0.00;0.00;0.00;0.00
0.00;0.00;0.00;407.40;0.00;30.00;20.78;21.41;22.05;0.89;0.00;0.00;0.00;0.00;0.00;0.00
0.00;0.00;0.00;407.40;0.00;30.00;20.27;20.91;21.54;0.87;0.00;0.00;0.00;0.00;0.00;0.00
0.00;0.00;0.00;407.40;0.00;30.00;19.77;20.40;21.02;0.84;0.00;0.00;0.00;0.00;0.00;0.00
0.00;0.00;0.00;407.40;0.00;30.00;19.66;20.18;20.69;0.84;0.00;0.00;0.00;0.00;0.00;0.00
0.00;0.00;0.00;407.40;0.00;30.00;19.82;20.20;20.58;0.84;0.00;0.00;0.00;0.00;0.00;0.00
0.00;0.00;0.00;407.40;0.00;30.00;20.20;20.45;20.69;0.85;0.00;0.00;0.00;0.00;0.00;0.00
0.00;0.00;0.00;407.40;0.00;180.00;21.42;21.36;21.31;0.80;0.00;0.00;0.00;0.00;0.00;0.00
0.00;0.00;0.00;407.40;0.00;180.00;23.11;22.72;22.32;0.71;0.00;0.00;0.00;0.00;0.00;0.00
0.00;0.00;0.00;407.40;0.00;120.00;25.32;24.54;23.77;0.61;0.00;0.00;0.00;0.00;0.00;0.00
0.00;0.00;0.00;407.40;0.00;120.00;26.56;25.76;24.97;0.56;0.00;0.00;0.00;0.00;0.00;0.00
0.00;0.00;0.00;407.40;0.00;120.00;27.38;26.69;26.01;0.55;0.00;0.00;0.00;0.00;0.00;0.00
0.00;0.00;0.00;407.40;0.00;120.00;27.85;27.35;26.85;0.56;0.00;0.00;0.00;0.00;0.00;0.00
0.00;0.00;0.00;407.40;0.00;120.00;28.35;27.98;27.62;0.54;0.00;0.00;0.00;0.00;0.00;0.00
0.00;0.00;0.00;407.40;0.00;180.00;28.79;28.52;28.26;0.51;0.00;0.00;0.00;0.00;0.00;0.00
0.00;0.00;0.00;407.40;0.00;180.00;29.00;28.85;28.70;0.48;0.00;0.00;0.00;0.00;0.00;0.00
0.00;0.00;0.00;407.40;0.00;180.00;29.01;28.97;28.94;0.47;0.00;0.00;0.00;0.00;0.00;0.00
0.00;0.00;0.00;407.40;0.00;180.00;28.81;28.90;28.98;0.46;0.00;0.00;0.00;0.00;0.00;0.00
0.00;0.00;0.00;407.40;0.00;180.00;28.50;28.68;28.86;0.44;0.00;0.00;0.00;0.00;0.00;0.00
0.00;0.00;0.00;407.40;0.00;180.00;27.84;28.16;28.48;0.50;0.00;0.00;0.00;0.00;0.00;0.00
0.00;0.00;0.00;407.40;0.00;180.00;26.98;27.47;27.95;0.58;0.00;0.00;0.00;0.00;0.00;0.00
0.00;0.00;0.00;407.40;0.00;180.00;25.94;26.60;27.26;0.69;0.00;0.00;0.00;0.00;0.00;0.00
0.00;0.00;0.00;407.40;0.00;180.00;25.02;25.79;26.56;0.75;0.00;0.00;0.00;0.00;0.00;0.00
0.00;0.00;0.00;407.40;0.00;180.00;24.02;24.90;25.77;0.79;0.00;0.00;0.00;0.00;0.00;0.00
0.00;0.00;0.00;407.40;0.00;30.00;22.91;23.89;24.88;0.81;0.00;0.00;0.00;0.00;0.00;0.00
0.00;0.00;0.00;407.40;0.00;30.00;22.09;23.08;24.08;0.83;0.00;0.00;0.00;0.00;0.00;0.00
0.00;0.00;0.00;407.40;0.00;30.00;21.45;22.40;23.35;0.83;0.00;0.00;0.00;0.00;0.00;0.00
0.00;0.00;0.00;407.40;0.00;30.00;20.97;21.85;22.72;0.83;0.00;0.00;0.00;0.00;0.00;0.00
0.00;0.00;0.00;407.40;0.00;30.00;20.83;21.55;22.27;0.82;0.00;0.00;0.00;0.00;0.00;0.00
0.00;0.00;0.00;407.40;0.00;30.00;21.04;21.57;22.09;0.80;0.00;0.00;0.00;0.00;0.00;0.00
0.00;0.00;0.00;407.40;0.00;30.00;21.48;21.83;22.17;0.76;0.00;0.00;0.00;0.00;0.00;0.00
0.00;0.00;0.00;407.40;0.00;180.00;22.53;22.59;22.66;0.72;0.00;0.00;0.00;0.00;0.00;0.00
0.00;0.00;0.00;407.40;0.00;180.00;23.87;23.65;23.43;0.66;0.00;0.00;0.00;0.00;0.00;0.00
0.00;0.00;0.00;407.40;0.00;120.00;25.56;25.05;24.53;0.60;0.00;0.00;0.00;0.00;0.00;0.00
0.00;0.00;0.00;407.40;0.00;120.00;26.66;26.09;25.53;0.56;0.00;0.00;0.00;0.00;0.00;0.00
0.00;0.00;0.00;407.40;0.00;120.00;27.58;27.04;26.49;0.54;0.00;0.00;0.00;0.00;0.00;0.00
0.00;0.00;0.00;407.40;0.00;120.00;28.27;27.80;27.34;0.54;0.00;0.00;0.00;0.00;0.00;0.00
0.00;0.00;0.00;407.40;0.00;120.00;28.69;28.35;28.01;0.54;0.00;0.00;0.00;0.00;0.00;0.00
0.00;0.00;0.00;407.40;0.00;180.00;28.94;28.73;28.52;0.54;0.00;0.00;0.00;0.00;0.00;0.00
0.00;0.00;0.00;407.40;0.00;180.00;28.89;28.84;28.79;0.55;0.00;0.00;0.00;0.00;0.00;0.00
0.00;0.00;0.00;407.40;0.00;180.00;28.79;28.85;28.91;0.55;0.00;0.00;0.00;0.00;0.00;0.00
0.00;0.00;0.00;407.40;0.00;180.00;28.65;28.78;28.91;0.56;0.00;0.00;0.00;0.00;0.00;0.00
0.00;0.00;0.00;407.40;0.00;180.00;28.33;28.55;28.76;0.58;0.00;0.00;0.00;0.00;0.00;0.00
0.00;0.00;0.00;407.40;0.00;180.00;27.90;28.19;28.48;0.62;0.00;0.00;0.00;0.00;0.00;0.00
0.00;0.00;0.00;407.40;0.00;180.00;27.37;27.74;28.11;0.68;0.00;0.00;0.00;0.00;0.00;0.00
0.00;0.00;0.00;407.40;0.00;180.00;26.75;27.20;27.66;0.75;0.00;0.00;0.00;0.00;0.00;0.00
0.00;0.00;0.00;407.40;0.00;180.00;26.19;26.70;27.21;0.81;0.00;0.00;0.00;0.00;0.00;0.00
0.00;0.00;0.00;407.40;0.00;180.00;25.62;26.18;26.73;0.88;0.00;0.00;0.00;0.00;0.00;0.00
